id,firebase_key,power,mode,eco,powerful,temp_room,temp_set,humidity,timestamp,created_at
1,0,1,COOL,0,0,26.0,24.0,18.0,15062,2026-04-03 06:25:31
22,1,1,HEAT,0,0,26.0,24.0,18.0,271725,2026-04-03 06:29:09
25,2,1,COOL,0,0,25.0,24.0,18.0,280912,2026-04-03 06:29:19
26,3,1,HEAT,0,0,25.0,24.0,18.0,284199,2026-04-03 06:29:19
387,4,1,HEAT,0,0,25.0,24.0,18.0,1184562,2026-04-03 06:44:23
833,5,1,HEAT,0,0,25.0,24.0,18.0,2085840,2026-04-03 06:59:24
1362,6,1,HEAT,0,0,25.0,24.0,18.0,2987179,2026-04-03 07:14:18
2126,7,1,COOL,0,0,25.0,24.0,18.0,19658,2026-04-03 07:32:47
2127,8,1,HEAT,0,0,25.0,24.0,18.0,27705,2026-04-03 07:32:47
2137,9,1,COOL,0,0,25.0,24.0,18.0,30908,2026-04-03 07:32:57
2598,10,1,COOL,0,0,22.0,24.0,20.0,53188,2026-04-03 07:40:50
2610,11,1,COOL,1,0,22.0,24.0,20.0,60391,2026-04-03 07:41:00
2611,12,1,COOL,0,1,22.0,24.0,20.0,65099,2026-04-03 07:41:00
2625,13,1,COOL,0,0,22.0,24.0,20.0,76320,2026-04-03 07:41:11
2640,14,1,COOL,1,0,22.0,24.0,20.0,79488,2026-04-03 07:41:21
2641,15,1,COOL,0,1,22.0,24.0,20.0,83201,2026-04-03 07:41:21
2706,16,1,COOL,0,0,22.0,24.0,20.0,120031,2026-04-03 07:42:02
4254,17,0,COOL,0,0,22.0,24.0,20.0,911340,2026-04-03 07:57:32
5857,18,0,COOL,0,0,21.0,24.0,20.0,1812603,2026-04-03 08:12:41
7530,19,0,COOL,0,0,21.0,24.0,20.0,2714088,2026-04-03 08:27:39
20511,20,1,COOL,0,0,19.0,24.0,21.0,20165,2026-04-03 10:17:35
20512,21,1,COOL,1,0,19.0,24.0,21.0,23865,2026-04-03 10:17:35
20535,22,1,COOL,0,1,19.0,24.0,21.0,35268,2026-04-03 10:17:45
20582,23,1,COOL,0,0,19.0,24.0,21.0,54938,2026-04-03 10:18:06
20607,24,1,HEAT,0,0,20.0,24.0,21.0,60712,2026-04-03 10:18:16
20633,25,1,COOL,0,0,20.0,24.0,21.0,66623,2026-04-03 10:18:26
20764,26,1,COOL,0,0,20.0,24.0,21.0,21826,2026-04-03 10:19:17
20765,27,1,COOL,1,0,21.0,24.0,20.0,29161,2026-04-03 10:19:17
20794,28,1,HEAT,1,0,20.0,24.0,24.0,32355,2026-04-03 10:19:27
21868,29,1,COOL,0,0,20.0,24.0,21.0,20741,2026-04-03 10:25:44
21869,30,1,COOL,1,0,20.0,24.0,21.0,25987,2026-04-03 10:25:44
21901,31,1,COOL,0,1,20.0,24.0,21.0,37295,2026-04-03 10:25:55
21934,32,1,HEAT,0,1,20.0,24.0,21.0,43483,2026-04-03 10:26:05
21935,33,1,COOL,0,1,20.0,24.0,26.0,47573,2026-04-03 10:26:05
21970,34,1,COOL,0,0,20.0,24.0,21.0,52018,2026-04-03 10:26:15
25086,35,1,COOL,0,0,21.0,24.0,23.0,952368,2026-04-03 10:41:14
26959,36,1,HEAT,0,0,17.0,24.0,22.0,1475828,2026-04-03 10:49:54
26997,37,1,COOL,0,0,18.0,24.0,22.0,1481979,2026-04-03 10:50:05
27036,38,1,HEAT,0,0,18.0,24.0,22.0,1489298,2026-04-03 10:50:15
30508,39,1,HEAT,0,0,18.0,24.0,22.0,2389644,2026-04-03 11:05:13
34069,40,1,HEAT,0,0,20.0,24.0,21.0,3290984,2026-04-03 11:20:13
37719,41,1,HEAT,0,0,21.0,24.0,20.0,4192253,2026-04-03 11:35:12
41500,42,1,HEAT,0,0,22.0,24.0,20.0,5093558,2026-04-03 11:50:21
45328,43,1,HEAT,0,0,22.0,24.0,20.0,5994850,2026-04-03 12:05:20
49245,44,1,HEAT,0,0,22.0,24.0,20.0,6896075,2026-04-03 12:20:20
51631,45,1,COOL,0,0,22.0,24.0,20.0,7439112,2026-04-03 12:29:22
51678,46,1,HEAT,0,0,22.0,24.0,20.0,7445099,2026-04-03 12:29:32
51679,47,1,HEAT,1,0,22.0,24.0,20.0,7452098,2026-04-03 12:29:32
51728,48,1,HEAT,0,1,22.0,24.0,20.0,7457361,2026-04-03 12:29:42
56041,49,1,HEAT,0,1,22.0,24.0,20.0,8357701,2026-04-03 12:44:41
60442,50,1,HEAT,0,1,26.0,24.0,18.0,9259069,2026-04-03 12:59:41
61361,51,1,HEAT,0,0,23.0,24.0,19.0,51734,2026-04-03 13:02:38
61518,52,1,COOL,0,0,23.0,24.0,19.0,75113,2026-04-03 13:03:09
61519,53,1,HEAT,0,0,23.0,24.0,19.0,77897,2026-04-03 13:03:09
61520,54,1,HEAT,1,0,23.0,24.0,19.0,82495,2026-04-03 13:03:09
61576,55,1,HEAT,0,1,23.0,24.0,19.0,87339,2026-04-03 13:03:19
61577,56,1,HEAT,0,0,24.0,24.0,19.0,91982,2026-04-03 13:03:19
66594,57,1,HEAT,0,0,24.0,24.0,19.0,992353,2026-04-03 13:18:20
72859,58,1,HEAT,0,0,24.0,24.0,19.0,912438,2026-04-03 13:36:47
78111,59,1,HEAT,0,0,23.0,24.0,19.0,1826455,2026-04-03 13:51:57
79492,60,1,COOL,0,0,22.0,24.0,20.0,2062048,2026-04-03 13:55:54
79554,61,1,HEAT,0,0,23.0,24.0,19.0,2068217,2026-04-03 13:56:05
79617,62,1,COOL,0,0,23.0,24.0,21.0,2079721,2026-04-03 13:56:15
79681,63,1,COOL,1,0,23.0,24.0,21.0,2086775,2026-04-03 13:56:25
79682,64,1,COOL,0,1,23.0,24.0,19.0,2089967,2026-04-03 13:56:25
85403,65,1,COOL,0,1,24.0,24.0,22.0,2990339,2026-04-03 14:11:27
85536,66,1,COOL,0,0,19.0,24.0,21.0,3008462,2026-04-03 14:11:48
85537,67,1,COOL,1,0,19.0,24.0,21.0,3017369,2026-04-03 14:11:48
85742,68,1,COOL,0,1,19.0,24.0,21.0,3040743,2026-04-03 14:12:19
91815,69,1,COOL,0,1,19.0,24.0,21.0,3941126,2026-04-03 14:27:21
92096,70,1,COOL,0,0,16.0,24.0,23.0,3985283,2026-04-03 14:28:02
92168,71,1,COOL,1,0,16.0,24.0,23.0,3996599,2026-04-03 14:28:13
92169,72,1,COOL,0,1,18.0,24.0,35.0,4000538,2026-04-03 14:28:13
98594,73,1,COOL,0,1,19.0,24.0,36.0,4900915,2026-04-03 14:43:18
98817,74,1,COOL,0,0,15.0,24.0,23.0,4939486,2026-04-03 14:43:49
98893,75,1,COOL,1,0,15.0,24.0,34.0,4942744,2026-04-03 14:44:00
98894,76,1,COOL,0,1,15.0,24.0,34.0,4945993,2026-04-03 14:44:00
105671,77,1,COOL,0,1,16.0,24.0,36.0,5846341,2026-04-03 14:59:07
112458,78,1,COOL,0,1,14.0,24.0,24.0,6747678,2026-04-03 15:14:03
118779,79,1,COOL,0,1,15.0,24.0,23.0,7648895,2026-04-03 15:29:13
124460,80,1,COOL,0,1,16.0,24.0,23.0,8550205,2026-04-03 15:44:08
130212,81,1,COOL,0,1,16.0,24.0,23.0,9451532,2026-04-03 15:59:09
135953,82,1,COOL,0,1,17.0,24.0,22.0,10352724,2026-04-03 16:14:06
141930,83,1,COOL,0,1,17.0,24.0,22.0,11253991,2026-04-03 16:29:11
285655,84,1,HEAT,0,1,16.0,24.0,23.0,18491,2026-04-04 04:14:35
285656,85,1,HEAT,0,1,16.0,24.0,24.0,918848,2026-04-04 04:14:35
285657,86,1,HEAT,0,0,21.0,24.0,20.0,1479307,2026-04-04 04:14:35
285658,87,1,HEAT,1,0,21.0,24.0,20.0,1483593,2026-04-04 04:14:35
285659,88,1,HEAT,0,1,21.0,24.0,24.0,1490592,2026-04-04 04:14:35
285660,89,1,HEAT,0,1,21.0,24.0,20.0,2390938,2026-04-04 04:14:35
285661,90,1,HEAT,0,0,25.0,24.0,18.0,2421637,2026-04-04 04:14:35
285662,91,1,HEAT,1,0,25.0,24.0,18.0,2425136,2026-04-04 04:14:35
285663,92,1,HEAT,0,1,25.0,24.0,19.0,2432435,2026-04-04 04:14:35
285664,93,1,HEAT,0,1,25.0,24.0,18.0,3332814,2026-04-04 04:14:35
285665,94,1,HEAT,0,0,27.0,24.0,17.0,3576131,2026-04-04 04:14:35
285666,95,1,HEAT,1,0,25.0,24.0,18.0,3581342,2026-04-04 04:14:35
285667,96,1,HEAT,0,1,25.0,24.0,18.0,3586733,2026-04-04 04:14:35
285668,97,1,HEAT,0,1,25.0,24.0,21.0,4487093,2026-04-04 04:14:35
285669,98,0,HEAT,0,1,27.0,24.0,17.0,4735085,2026-04-04 04:14:35
341110,99,1,HEAT,0,1,19.0,24.0,21.0,18694,2026-04-04 05:49:42
350011,100,1,HEAT,0,1,19.0,24.0,21.0,919165,2026-04-04 06:04:49
359001,101,1,HEAT,0,1,28.0,24.0,17.0,1825128,2026-04-04 06:19:56
367978,102,1,HEAT,0,1,23.0,24.0,19.0,2725501,2026-04-04 06:34:53
369318,103,1,HEAT,0,0,28.0,24.0,17.0,2856999,2026-04-04 06:37:06
369423,104,1,HEAT,1,0,28.0,24.0,17.0,2864721,2026-04-04 06:37:17
369424,105,1,HEAT,0,1,27.0,24.0,17.0,2867905,2026-04-04 06:37:17
384371,106,1,COOL,0,1,28.0,24.0,17.0,279394,2026-04-04 07:01:10
393788,107,1,COOL,0,1,29.0,24.0,16.0,1180559,2026-04-04 07:16:08
393897,108,1,COOL,0,0,21.0,24.0,20.0,1190065,2026-04-04 07:16:19
393898,109,1,COOL,1,0,21.0,24.0,23.0,1194010,2026-04-04 07:16:19
394009,110,1,COOL,0,1,21.0,24.0,22.0,1198451,2026-04-04 07:16:29
403778,111,1,COOL,0,1,21.0,24.0,20.0,2098835,2026-04-04 07:31:27
403891,112,1,COOL,0,0,18.0,24.0,22.0,2109539,2026-04-04 07:31:37
403892,113,1,COOL,1,0,18.0,24.0,22.0,2112114,2026-04-04 07:31:37
403893,114,1,COOL,0,1,18.0,24.0,25.0,2115304,2026-04-04 07:31:37
414129,115,1,COOL,0,1,18.0,24.0,22.0,3015667,2026-04-04 07:46:46
414362,116,1,COOL,0,0,15.0,24.0,23.0,3042500,2026-04-04 07:47:07
414363,117,1,COOL,1,0,15.0,24.0,23.0,3045090,2026-04-04 07:47:07
414482,118,1,COOL,0,1,15.0,24.0,23.0,3049336,2026-04-04 07:47:17
424955,119,1,COOL,0,1,15.0,24.0,23.0,3949690,2026-04-04 08:02:18
425796,120,1,COOL,0,0,14.0,24.0,24.0,4019186,2026-04-04 08:03:30
425797,121,1,COOL,1,0,14.0,24.0,24.0,4021773,2026-04-04 08:03:30
425798,122,1,COOL,0,1,14.0,24.0,24.0,4025062,2026-04-04 08:03:30
436623,123,1,COOL,0,1,14.0,24.0,24.0,4925419,2026-04-04 08:18:29
441956,124,1,HEAT,0,1,13.0,24.0,24.0,5367080,2026-04-04 08:25:54
451832,125,1,HEAT,0,0,14.0,24.0,24.0,6178176,2026-04-04 08:39:20
463047,126,1,HEAT,0,0,21.0,24.0,20.0,7079429,2026-04-04 08:54:30
474224,127,1,HEAT,0,0,20.0,24.0,21.0,7980767,2026-04-04 09:09:30
485489,128,1,HEAT,0,0,21.0,24.0,20.0,8882070,2026-04-04 09:24:30
496842,129,1,HEAT,0,0,21.0,24.0,20.0,9783361,2026-04-04 09:39:31
508283,130,1,HEAT,0,0,21.0,24.0,20.0,10684653,2026-04-04 09:54:31
519812,131,1,HEAT,0,0,22.0,24.0,20.0,11585947,2026-04-04 10:09:32
531429,132,1,HEAT,0,0,22.0,24.0,20.0,12487295,2026-04-04 10:24:37
1236330,133,1,COOL,0,0,17.0,24.0,22.0,19431,2026-04-05 01:28:59
1236331,134,1,HEAT,0,0,17.0,24.0,22.0,22478,2026-04-05 01:28:59
1236467,135,1,HEAT,1,0,17.0,24.0,22.0,29579,2026-04-05 01:29:09
1236468,136,1,HEAT,0,1,17.0,24.0,22.0,33576,2026-04-05 01:29:09
1248525,137,1,HEAT,0,1,17.0,24.0,22.0,933960,2026-04-05 01:44:09
1260670,138,1,HEAT,0,1,24.0,24.0,19.0,1835298,2026-04-05 01:59:11
1264285,139,1,HEAT,0,0,22.0,24.0,20.0,2101691,2026-04-05 02:03:40
1264286,140,1,HEAT,1,0,25.0,24.0,18.0,2107175,2026-04-05 02:03:40
1276836,141,1,HEAT,1,0,25.0,24.0,18.0,3007545,2026-04-05 02:18:51
1289333,142,1,HEAT,1,0,24.0,24.0,19.0,3908888,2026-04-05 02:33:52
1301918,143,1,HEAT,1,0,24.0,24.0,19.0,4810064,2026-04-05 02:48:53
1309119,144,1,HEAT,0,1,24.0,24.0,19.0,5326737,2026-04-05 02:57:21
1314050,145,1,HEAT,0,0,23.0,24.0,19.0,5674500,2026-04-05 03:03:13
1314051,146,1,HEAT,1,0,26.0,24.0,18.0,5677832,2026-04-05 03:03:13
1326988,147,1,HEAT,1,0,26.0,24.0,18.0,6578214,2026-04-05 03:18:15
1340013,148,1,HEAT,1,0,25.0,24.0,18.0,7479504,2026-04-05 03:33:17
1353126,149,1,HEAT,1,0,24.0,24.0,19.0,8380678,2026-04-05 03:48:20
1366327,150,1,HEAT,1,0,24.0,24.0,19.0,9282016,2026-04-05 04:03:22
1379616,151,1,HEAT,1,0,25.0,24.0,18.0,10183247,2026-04-05 04:18:25
1392993,152,1,HEAT,1,0,24.0,24.0,19.0,11084493,2026-04-05 04:33:28
1406152,153,1,HEAT,1,0,24.0,24.0,19.0,11985699,2026-04-05 04:48:19
1419551,154,1,HEAT,1,0,24.0,24.0,19.0,12886340,2026-04-05 05:03:26
1432882,155,1,HEAT,1,0,25.0,24.0,18.0,13786967,2026-04-05 05:18:23
1446455,156,1,HEAT,1,0,24.0,24.0,19.0,14688197,2026-04-05 05:33:30
1459958,157,1,HEAT,1,0,24.0,24.0,19.0,15589370,2026-04-05 05:48:26
1473547,158,1,HEAT,1,0,23.0,24.0,19.0,16490590,2026-04-05 06:03:26
1487381,159,1,HEAT,1,0,23.0,24.0,19.0,17391840,2026-04-05 06:18:34
1489462,160,1,HEAT,0,1,23.0,24.0,19.0,17532332,2026-04-05 06:20:51
1499445,161,1,HEAT,0,0,23.0,24.0,19.0,18173569,2026-04-05 06:31:35
1499446,162,1,HEAT,1,0,27.0,24.0,17.0,18180312,2026-04-05 06:31:35
1513628,163,1,HEAT,1,0,27.0,24.0,17.0,19080650,2026-04-05 06:46:44
1527733,164,1,HEAT,1,0,26.0,24.0,18.0,19981933,2026-04-05 07:01:42
1541924,165,1,HEAT,1,0,25.0,24.0,18.0,20882309,2026-04-05 07:16:39
1556201,166,1,HEAT,1,0,24.0,24.0,19.0,21783527,2026-04-05 07:31:37
1570731,167,1,HEAT,1,0,24.0,24.0,19.0,22683908,2026-04-05 07:46:44
1585348,168,1,HEAT,1,0,25.0,24.0,18.0,23588450,2026-04-05 08:01:51
1599883,169,1,HEAT,1,0,25.0,24.0,21.0,24488835,2026-04-05 08:16:49
1614674,170,1,HEAT,1,0,24.0,24.0,19.0,25401938,2026-04-05 08:31:57
1629552,171,1,HEAT,1,0,25.0,24.0,18.0,26302321,2026-04-05 08:47:04
1644517,172,1,HEAT,1,0,25.0,24.0,18.0,27215436,2026-04-05 09:02:11
1659569,173,1,HEAT,1,0,24.0,24.0,24.0,28115800,2026-04-05 09:17:19
1674708,174,1,HEAT,1,0,24.0,24.0,19.0,29028898,2026-04-05 09:32:29
1689759,175,1,HEAT,1,0,23.0,24.0,19.0,29929297,2026-04-05 09:47:26
1705248,176,1,HEAT,1,0,23.0,24.0,19.0,30842319,2026-04-05 10:02:44
1720471,177,1,HEAT,1,0,23.0,24.0,19.0,31742699,2026-04-05 10:17:43
1735958,178,1,HEAT,1,0,23.0,24.0,19.0,32655849,2026-04-05 10:32:51
1751532,179,1,HEAT,1,0,24.0,24.0,19.0,33556236,2026-04-05 10:47:59
1767193,180,1,HEAT,1,0,23.0,24.0,22.0,34469312,2026-04-05 11:03:07
1782760,181,1,HEAT,1,0,23.0,24.0,22.0,35369681,2026-04-05 11:18:06
1798595,182,1,HEAT,1,0,24.0,24.0,19.0,36282884,2026-04-05 11:33:18
1814517,183,1,HEAT,1,0,23.0,24.0,19.0,37183215,2026-04-05 11:48:26
1830526,184,1,HEAT,1,0,23.0,24.0,19.0,38095814,2026-04-05 12:03:34
1846437,185,1,HEAT,1,0,24.0,24.0,20.0,38996176,2026-04-05 12:18:32
1862806,186,1,HEAT,1,0,23.0,24.0,19.0,39909441,2026-04-05 12:33:51
1878889,187,1,HEAT,1,0,23.0,24.0,19.0,40809791,2026-04-05 12:48:49
1895246,188,1,HEAT,1,0,24.0,24.0,19.0,41722916,2026-04-05 13:03:58
1911501,189,1,HEAT,1,0,24.0,24.0,19.0,42623262,2026-04-05 13:18:58
1928222,190,1,HEAT,1,0,23.0,24.0,19.0,43536359,2026-04-05 13:34:18
1944649,191,1,HEAT,1,0,24.0,24.0,19.0,44436755,2026-04-05 13:49:17
1959434,192,1,HEAT,1,0,23.0,24.0,19.0,45349671,2026-04-06 01:16:27
1959435,193,1,HEAT,1,0,23.0,24.0,19.0,46250063,2026-04-06 01:16:27
1959436,194,1,HEAT,1,0,23.0,24.0,19.0,47163096,2026-04-06 01:16:27
1959437,195,1,HEAT,1,0,22.0,24.0,20.0,48063430,2026-04-06 01:16:27
1959438,196,1,HEAT,1,0,23.0,24.0,19.0,48976514,2026-04-06 01:16:27
1959439,197,1,HEAT,1,0,23.0,24.0,19.0,49876876,2026-04-06 01:16:27
1959440,198,1,COOL,1,0,22.0,24.0,20.0,50097365,2026-04-06 01:16:27
1959441,199,1,HEAT,1,0,22.0,24.0,20.0,50102170,2026-04-06 01:16:27
1959442,200,1,COOL,1,0,23.0,24.0,19.0,50105217,2026-04-06 01:16:27
1959443,201,1,COOL,0,1,23.0,24.0,19.0,50110466,2026-04-06 01:16:27
1966918,202,1,COOL,0,0,21.0,24.0,20.0,26556,2026-04-06 01:23:54
1966919,203,1,COOL,1,0,22.0,24.0,20.0,31256,2026-04-06 01:23:54
1967124,204,1,COOL,0,1,22.0,24.0,24.0,37599,2026-04-06 01:24:04
1968355,205,1,HEAT,0,1,22.0,24.0,20.0,106918,2026-04-06 01:25:16
1981540,206,1,HEAT,0,0,22.0,24.0,20.0,880207,2026-04-06 01:38:12
1981541,207,1,HEAT,1,0,26.0,24.0,18.0,887385,2026-04-06 01:38:12
1984870,208,1,HEAT,1,0,26.0,24.0,18.0,1787718,2026-04-06 09:44:05
1984871,209,1,HEAT,1,0,24.0,24.0,19.0,912238,2026-04-06 09:44:05
1984872,210,1,HEAT,1,0,24.0,24.0,19.0,914583,2026-04-06 09:44:05
1984873,211,0,HEAT,1,0,24.0,24.0,19.0,24100,2026-04-06 09:44:05
1984874,212,0,HEAT,1,0,24.0,24.0,19.0,924437,2026-04-06 09:44:05
1984875,213,0,HEAT,1,0,22.0,24.0,20.0,913966,2026-04-06 09:44:05
1984876,214,0,HEAT,1,0,24.0,24.0,19.0,911631,2026-04-06 09:44:05
1984877,215,0,HEAT,1,0,25.0,24.0,18.0,911446,2026-04-06 09:44:05
1984878,216,0,HEAT,1,0,25.0,24.0,18.0,911691,2026-04-06 09:44:05
1984879,217,1,HEAT,1,0,27.0,24.0,17.0,209132,2026-04-06 09:44:05
1984880,218,1,COOL,1,0,27.0,24.0,17.0,214941,2026-04-06 09:44:05
1984881,219,1,HEAT,1,0,27.0,24.0,20.0,220029,2026-04-06 09:44:05
1984882,220,1,HEAT,0,1,27.0,24.0,17.0,223463,2026-04-06 09:44:05
1984883,221,1,HEAT,0,0,27.0,24.0,17.0,398955,2026-04-06 09:44:05
1984884,222,1,HEAT,1,0,27.0,24.0,17.0,408560,2026-04-06 09:44:05
1984885,223,1,HEAT,1,0,27.0,24.0,17.0,1308967,2026-04-06 09:44:05
1984886,224,1,HEAT,1,0,27.0,24.0,17.0,2210215,2026-04-06 09:44:05
1984887,225,1,HEAT,1,0,27.0,24.0,17.0,3111477,2026-04-06 09:44:05
1984888,226,1,HEAT,1,0,25.0,24.0,18.0,4012899,2026-04-06 09:44:05
1984889,227,1,HEAT,1,0,25.0,24.0,18.0,4914305,2026-04-06 09:44:05
1985574,228,1,HEAT,1,0,24.0,24.0,19.0,5815678,2026-04-06 09:44:37
2005269,229,1,HEAT,1,0,24.0,24.0,19.0,6717053,2026-04-06 09:59:34
2025280,230,1,HEAT,1,0,24.0,24.0,19.0,7618275,2026-04-06 10:14:42
2045147,231,1,HEAT,1,0,24.0,24.0,19.0,8519664,2026-04-06 10:29:39
2049324,232,1,HEAT,0,1,24.0,24.0,19.0,8703742,2026-04-06 10:32:49
2056082,233,1,HEAT,0,0,24.0,24.0,19.0,9016872,2026-04-06 10:37:55
2056317,234,1,HEAT,1,0,29.0,24.0,16.0,9023723,2026-04-06 10:38:05
2076528,235,1,HEAT,1,0,29.0,24.0,16.0,9924150,2026-04-06 10:53:03
2097061,236,1,HEAT,1,0,26.0,24.0,18.0,10825561,2026-04-06 11:08:12
2117444,237,1,HEAT,1,0,25.0,24.0,18.0,11726977,2026-04-06 11:23:10
2137913,238,1,HEAT,1,0,24.0,24.0,19.0,12628340,2026-04-06 11:38:07
2158707,239,1,HEAT,1,0,24.0,24.0,19.0,13529729,2026-04-06 11:53:13
2179348,240,1,HEAT,1,0,25.0,24.0,18.0,14431113,2026-04-06 12:08:09
2188748,241,1,HEAT,0,1,24.0,24.0,19.0,14842574,2026-04-06 12:14:59
2188991,242,1,HEAT,0,0,24.0,24.0,19.0,14851342,2026-04-06 12:15:10
2188992,243,1,HEAT,1,0,24.0,24.0,19.0,14854450,2026-04-06 12:15:10
2192165,244,1,COOL,1,0,24.0,24.0,19.0,14978113,2026-04-06 12:17:17
2192411,245,1,COOL,0,1,25.0,24.0,18.0,14985435,2026-04-06 12:17:27
2213568,246,1,COOL,0,1,25.0,24.0,18.0,15885869,2026-04-06 12:32:23
2214063,247,1,COOL,0,0,20.0,24.0,21.0,15903105,2026-04-06 12:32:44
2214064,248,1,COOL,1,0,21.0,24.0,20.0,15907228,2026-04-06 12:32:44
2214314,249,1,COOL,0,1,20.0,24.0,21.0,15910740,2026-04-06 12:32:55
2230314,250,1,COOL,0,1,20.0,24.0,21.0,16811178,2026-04-07 02:59:53
2230315,251,1,COOL,0,0,18.0,24.0,22.0,16841105,2026-04-07 02:59:53
2230316,252,1,COOL,1,0,18.0,24.0,22.0,16847863,2026-04-07 02:59:53
2230317,253,1,COOL,0,1,18.0,24.0,22.0,16851975,2026-04-07 02:59:53
2230318,254,1,COOL,0,1,18.0,24.0,23.0,17752405,2026-04-07 02:59:53
2230319,255,1,COOL,0,0,16.0,24.0,23.0,17795977,2026-04-07 02:59:53
2230320,256,1,COOL,1,0,16.0,24.0,23.0,17800078,2026-04-07 02:59:53
2230321,257,1,COOL,0,1,16.0,24.0,23.0,17803532,2026-04-07 02:59:53
2230322,258,1,COOL,0,1,16.0,24.0,23.0,18703977,2026-04-07 02:59:53
2230323,259,1,COOL,0,0,15.0,24.0,23.0,18728371,2026-04-07 02:59:53
2230324,260,1,COOL,1,0,15.0,24.0,25.0,18731524,2026-04-07 02:59:53
2230325,261,1,COOL,0,1,15.0,24.0,23.0,18735410,2026-04-07 02:59:53
2230326,262,1,HEAT,0,1,15.0,24.0,23.0,19130501,2026-04-07 02:59:53
2230327,263,1,HEAT,0,0,15.0,24.0,23.0,19134273,2026-04-07 02:59:53
2230328,264,1,HEAT,1,0,15.0,24.0,23.0,19136730,2026-04-07 02:59:53
2230329,265,1,HEAT,0,1,16.0,24.0,23.0,19139982,2026-04-07 02:59:53
2230330,266,1,HEAT,0,1,15.0,24.0,23.0,20040381,2026-04-07 02:59:53
2230331,267,1,HEAT,0,1,24.0,24.0,19.0,20941645,2026-04-07 02:59:53
2230332,268,1,HEAT,0,1,25.0,24.0,18.0,21843052,2026-04-07 02:59:53
2230333,269,1,HEAT,0,1,24.0,24.0,19.0,22744323,2026-04-07 02:59:53
2230334,270,1,COOL,0,1,27.0,24.0,17.0,23372085,2026-04-07 02:59:53
2230335,271,1,COOL,0,1,25.0,24.0,18.0,24273391,2026-04-07 02:59:53
2230336,272,1,COOL,0,0,19.0,24.0,21.0,24341776,2026-04-07 02:59:53
2230337,273,1,HEAT,0,0,19.0,24.0,21.0,24345033,2026-04-07 02:59:53
2230338,274,1,HEAT,1,0,19.0,24.0,21.0,24355392,2026-04-07 02:59:53
2230339,275,1,HEAT,0,1,19.0,24.0,21.0,24360550,2026-04-07 02:59:53
2230340,276,1,COOL,0,1,20.0,24.0,21.0,24369116,2026-04-07 02:59:53
2230341,277,1,COOL,0,1,20.0,24.0,21.0,25269552,2026-04-07 02:59:53
2230342,278,1,COOL,0,0,17.0,24.0,22.0,25290720,2026-04-07 02:59:53
2230343,279,1,COOL,1,0,17.0,24.0,22.0,25293840,2026-04-07 02:59:53
2230344,280,1,COOL,0,1,17.0,24.0,22.0,25297348,2026-04-07 02:59:53
2230345,281,1,COOL,0,0,17.0,24.0,22.0,25303717,2026-04-07 02:59:53
2230346,282,1,COOL,1,0,17.0,24.0,22.0,25306720,2026-04-07 02:59:53
2230347,283,1,COOL,0,1,17.0,24.0,22.0,25310082,2026-04-07 02:59:53
2230348,284,1,COOL,0,1,17.0,24.0,22.0,26210533,2026-04-07 02:59:53
2230349,285,1,COOL,0,1,15.0,24.0,23.0,27112020,2026-04-07 02:59:53
2230350,286,1,COOL,0,1,16.0,24.0,23.0,28013423,2026-04-07 02:59:53
2230351,287,1,COOL,0,1,15.0,24.0,23.0,28914705,2026-04-07 02:59:53
2230352,288,1,COOL,0,1,15.0,24.0,23.0,29816086,2026-04-07 02:59:53
2230353,289,1,COOL,0,0,15.0,24.0,23.0,30303466,2026-04-07 02:59:53
2230354,290,1,COOL,1,0,15.0,24.0,23.0,30307028,2026-04-07 02:59:53
2230355,291,1,COOL,0,1,15.0,24.0,23.0,30311367,2026-04-07 02:59:53
2230356,292,1,COOL,0,1,15.0,24.0,28.0,31211783,2026-04-07 02:59:53
2230357,293,1,COOL,0,0,13.0,24.0,24.0,31381672,2026-04-07 02:59:53
2230358,294,1,COOL,1,0,13.0,24.0,24.0,31384966,2026-04-07 02:59:53
2230359,295,1,COOL,0,1,13.0,24.0,24.0,31390155,2026-04-07 02:59:53
2230360,296,1,COOL,0,1,14.0,24.0,24.0,32290601,2026-04-07 02:59:53
2230361,297,1,COOL,0,1,13.0,24.0,24.0,33191883,2026-04-07 02:59:53
2230362,298,1,COOL,0,1,13.0,24.0,24.0,34093291,2026-04-07 02:59:53
2230363,299,1,COOL,0,1,13.0,24.0,24.0,34994678,2026-04-07 02:59:53
2230364,300,1,COOL,0,1,13.0,24.0,24.0,35895935,2026-04-07 02:59:53
2230365,301,1,COOL,0,1,13.0,24.0,24.0,36798440,2026-04-07 02:59:53
2230366,302,1,COOL,0,1,13.0,24.0,24.0,37699806,2026-04-07 02:59:53
2230367,303,1,COOL,0,1,13.0,24.0,24.0,38602248,2026-04-07 02:59:53
2230368,304,1,COOL,0,1,13.0,24.0,24.0,39503599,2026-04-07 02:59:53
2230369,305,0,COOL,0,1,13.0,24.0,24.0,40013234,2026-04-07 02:59:53
2230370,306,0,COOL,0,1,15.0,24.0,23.0,912216,2026-04-07 02:59:53
2230371,307,0,COOL,0,1,16.0,24.0,23.0,1822131,2026-04-07 02:59:53
2230372,308,0,COOL,0,1,16.0,24.0,26.0,2722535,2026-04-07 02:59:53
2230373,309,0,COOL,0,1,16.0,24.0,23.0,3631925,2026-04-07 02:59:53
2230374,310,0,COOL,0,1,16.0,24.0,23.0,4532329,2026-04-07 02:59:53
2230375,311,0,COOL,0,1,17.0,24.0,22.0,5442277,2026-04-07 02:59:53
2230376,312,0,COOL,0,1,17.0,24.0,22.0,6342702,2026-04-07 02:59:53
2230377,313,0,COOL,0,1,17.0,24.0,22.0,7252070,2026-04-07 02:59:53
2230378,314,0,COOL,0,1,17.0,24.0,22.0,8152473,2026-04-07 02:59:53
2230379,315,0,COOL,0,1,17.0,24.0,22.0,9062496,2026-04-07 02:59:53
2230380,316,0,COOL,0,1,17.0,24.0,22.0,9962903,2026-04-07 02:59:53
2230381,317,0,COOL,0,1,18.0,24.0,22.0,10872179,2026-04-07 02:59:53
2230382,318,0,COOL,0,1,18.0,24.0,24.0,11772575,2026-04-07 02:59:53
2230383,319,0,COOL,0,1,18.0,24.0,22.0,12681961,2026-04-07 02:59:53
2230384,320,0,COOL,0,1,18.0,24.0,22.0,13582358,2026-04-07 02:59:53
2230385,321,0,COOL,0,1,18.0,24.0,22.0,14492230,2026-04-07 02:59:53
2230386,322,0,COOL,0,1,18.0,24.0,25.0,15392644,2026-04-07 02:59:53
2230387,323,0,COOL,0,1,18.0,24.0,22.0,16303576,2026-04-07 02:59:53
2230388,324,0,COOL,0,1,19.0,24.0,21.0,17203993,2026-04-07 02:59:53
2230389,325,0,COOL,0,1,18.0,24.0,22.0,18113407,2026-04-07 02:59:53
2230390,326,0,COOL,0,1,18.0,24.0,22.0,19013810,2026-04-07 02:59:53
2230391,327,0,COOL,0,1,19.0,24.0,21.0,19923750,2026-04-07 02:59:53
2230392,328,0,COOL,0,1,19.0,24.0,21.0,20824156,2026-04-07 02:59:53
2230393,329,0,COOL,0,1,19.0,24.0,21.0,21734068,2026-04-07 02:59:53
2230394,330,0,COOL,0,1,19.0,24.0,21.0,22634478,2026-04-07 02:59:53
2230395,331,1,COOL,0,1,19.0,24.0,21.0,23438496,2026-04-07 02:59:53
2230396,332,1,HEAT,0,1,19.0,24.0,21.0,23444900,2026-04-07 02:59:53
2230397,333,1,HEAT,0,1,19.0,24.0,21.0,24345351,2026-04-07 02:59:53
2230398,334,1,HEAT,0,1,23.0,24.0,20.0,25246759,2026-04-07 02:59:53
2230399,335,1,HEAT,0,0,23.0,24.0,19.0,25675738,2026-04-07 02:59:53
2230400,336,1,HEAT,1,0,26.0,24.0,18.0,25679278,2026-04-07 02:59:53
2230401,337,1,HEAT,1,0,26.0,24.0,18.0,26579677,2026-04-07 02:59:53
2231078,338,1,HEAT,1,0,25.0,24.0,18.0,27481018,2026-04-07 13:47:45
2231079,339,1,HEAT,1,0,24.0,24.0,19.0,28382255,2026-04-07 13:47:45
2231080,340,1,HEAT,1,0,24.0,24.0,19.0,29283534,2026-04-07 13:47:45
2231081,341,1,HEAT,1,0,24.0,24.0,19.0,30184827,2026-04-07 13:47:45
2231082,342,1,HEAT,1,0,24.0,24.0,19.0,31086249,2026-04-07 13:47:45
2231083,343,1,HEAT,1,0,24.0,24.0,19.0,31987608,2026-04-07 13:47:45
2231084,344,1,HEAT,1,0,24.0,24.0,19.0,32889001,2026-04-07 13:47:45
2231085,345,1,HEAT,1,0,24.0,24.0,19.0,33790250,2026-04-07 13:47:45
2231086,346,1,HEAT,1,0,25.0,24.0,18.0,34691516,2026-04-07 13:47:45
2231087,347,1,HEAT,1,0,25.0,24.0,18.0,35592788,2026-04-07 13:47:45
2231088,348,1,HEAT,1,0,24.0,24.0,19.0,36494088,2026-04-07 13:47:45
2231089,349,1,HEAT,1,0,24.0,24.0,19.0,37395361,2026-04-07 13:47:45
2231090,350,1,HEAT,1,0,24.0,24.0,19.0,38296777,2026-04-07 13:47:45
2231091,351,1,HEAT,1,0,23.0,24.0,19.0,39198019,2026-04-07 13:47:45
2231092,352,1,HEAT,1,0,23.0,24.0,19.0,40099394,2026-04-07 13:47:45
2231093,353,1,HEAT,1,0,23.0,24.0,19.0,41000660,2026-04-07 13:47:45
2231094,354,1,HEAT,1,0,23.0,24.0,19.0,41902063,2026-04-07 13:47:45
2231095,355,1,HEAT,1,0,23.0,24.0,19.0,42803296,2026-04-07 13:47:45
2231096,356,1,HEAT,1,0,23.0,24.0,19.0,43704713,2026-04-07 13:47:45
2231097,357,1,HEAT,1,0,24.0,24.0,19.0,44606115,2026-04-07 13:47:45
2231098,358,1,HEAT,1,0,24.0,24.0,19.0,45507521,2026-04-07 13:47:45
2231099,359,1,HEAT,1,0,24.0,24.0,19.0,46408781,2026-04-07 13:47:45
2231100,360,1,HEAT,1,0,24.0,24.0,19.0,47310149,2026-04-07 13:47:45
2231101,361,1,HEAT,1,0,24.0,24.0,19.0,48211439,2026-04-07 13:47:45
2231102,362,1,HEAT,1,0,23.0,24.0,19.0,49112752,2026-04-07 13:47:45
2231103,363,1,HEAT,1,0,24.0,24.0,19.0,50014006,2026-04-07 13:47:45
2231104,364,1,HEAT,1,0,24.0,24.0,19.0,50915445,2026-04-07 13:47:45
2231105,365,1,HEAT,1,0,24.0,24.0,19.0,51816733,2026-04-07 13:47:45
2231106,366,1,HEAT,1,0,23.0,24.0,19.0,52718142,2026-04-07 13:47:45
2231107,367,1,HEAT,1,0,23.0,24.0,19.0,53619405,2026-04-07 13:47:45
2231108,368,1,HEAT,1,0,24.0,24.0,19.0,54520769,2026-04-07 13:47:45
2231109,369,1,HEAT,1,0,24.0,24.0,19.0,55421968,2026-04-07 13:47:45
2231110,370,1,HEAT,1,0,23.0,24.0,19.0,56323339,2026-04-07 13:47:45
2231111,371,1,HEAT,1,0,24.0,24.0,19.0,57224607,2026-04-07 13:47:45
2231112,372,1,HEAT,1,0,23.0,24.0,19.0,58125975,2026-04-07 13:47:45
2231113,373,1,HEAT,1,0,22.0,24.0,20.0,59027260,2026-04-07 13:47:45
2231114,374,1,HEAT,1,0,23.0,24.0,19.0,59928677,2026-04-07 13:47:45
2231115,375,1,HEAT,1,0,23.0,24.0,19.0,60829928,2026-04-07 13:47:45
2231116,376,1,HEAT,1,0,27.0,24.0,17.0,61731343,2026-04-07 13:47:45
2231117,377,1,HEAT,1,0,28.0,24.0,17.0,62632701,2026-04-07 13:47:45
2231118,378,1,HEAT,1,0,27.0,24.0,17.0,63534024,2026-04-07 13:47:45
2231119,379,1,HEAT,1,0,28.0,24.0,17.0,64435284,2026-04-07 13:47:45
2231120,380,1,HEAT,1,0,28.0,24.0,17.0,65336618,2026-04-07 13:47:45
2231883,381,1,HEAT,1,0,26.0,24.0,18.0,66237894,2026-04-09 16:51:30
2231884,382,1,HEAT,1,0,23.0,24.0,19.0,67139315,2026-04-09 16:51:30
2231885,383,1,COOL,1,0,27.0,24.0,17.0,67172149,2026-04-09 16:51:30
2231886,384,1,COOL,0,1,27.0,24.0,17.0,67174949,2026-04-09 16:51:30
2231887,385,1,HEAT,0,1,27.0,24.0,17.0,67845709,2026-04-09 16:51:30
2231888,386,1,HEAT,0,0,22.0,24.0,20.0,68296455,2026-04-09 16:51:30
2231889,387,1,HEAT,1,0,27.0,24.0,17.0,68299813,2026-04-09 16:51:30
2231890,388,1,HEAT,1,0,27.0,24.0,17.0,69200235,2026-04-09 16:51:30
2231891,389,1,HEAT,1,0,28.0,24.0,17.0,70101532,2026-04-09 16:51:30
2231892,390,1,HEAT,0,1,29.0,24.0,16.0,70319770,2026-04-09 16:51:30
2231893,391,1,HEAT,0,0,29.0,24.0,16.0,70901463,2026-04-09 16:51:30
2231894,392,1,HEAT,1,0,32.0,24.0,15.0,70905220,2026-04-09 16:51:30
2231895,393,1,HEAT,1,0,32.0,24.0,15.0,71805644,2026-04-09 16:51:30
2231896,394,1,COOL,1,0,29.0,24.0,16.0,72673687,2026-04-09 16:51:30
2231897,395,1,COOL,0,1,25.0,24.0,18.0,72680231,2026-04-09 16:51:30
2231898,396,1,COOL,0,1,25.0,24.0,18.0,73580669,2026-04-09 16:51:30
2231899,397,1,COOL,0,0,19.0,24.0,21.0,73890281,2026-04-09 16:51:30
2231900,398,1,COOL,1,0,18.0,24.0,22.0,73899595,2026-04-09 16:51:30
2231901,399,1,COOL,0,1,18.0,24.0,22.0,73904766,2026-04-09 16:51:30
2231902,400,1,COOL,0,1,18.0,24.0,22.0,74805176,2026-04-09 16:51:30
2231903,401,1,COOL,0,1,16.0,24.0,23.0,75706556,2026-04-09 16:51:30
2231904,402,1,COOL,0,1,17.0,24.0,22.0,76607965,2026-04-09 16:51:30
2231905,403,1,COOL,0,1,15.0,24.0,23.0,77509236,2026-04-09 16:51:30
2231906,404,1,COOL,0,1,15.0,24.0,23.0,78410666,2026-04-09 16:51:30
2231907,405,1,COOL,0,1,14.0,24.0,24.0,79312092,2026-04-09 16:51:30
2231908,406,1,COOL,0,1,14.0,24.0,24.0,80213511,2026-04-09 16:51:30
2231909,407,1,COOL,0,1,14.0,24.0,24.0,81114855,2026-04-09 16:51:30
2231910,408,1,COOL,0,1,14.0,24.0,24.0,82016228,2026-04-09 16:51:30
2231911,409,1,COOL,0,1,13.0,24.0,24.0,82917511,2026-04-09 16:51:30
2231912,410,1,COOL,0,1,13.0,24.0,24.0,83818812,2026-04-09 16:51:30
2231913,411,1,COOL,0,1,13.0,24.0,24.0,84720167,2026-04-09 16:51:30
2231914,412,1,COOL,0,0,13.0,24.0,24.0,84767842,2026-04-09 16:51:30
2231915,413,1,COOL,1,0,13.0,24.0,24.0,84771202,2026-04-09 16:51:30
2231916,414,1,COOL,0,1,13.0,24.0,24.0,84777069,2026-04-09 16:51:30
2231917,415,1,COOL,0,1,14.0,24.0,24.0,85677495,2026-04-09 16:51:30
2231918,416,1,COOL,0,1,12.0,24.0,25.0,86578836,2026-04-09 16:51:30
2231919,417,1,COOL,0,1,14.0,24.0,24.0,87480202,2026-04-09 16:51:30
2231920,418,1,COOL,0,1,13.0,24.0,24.0,88381651,2026-04-09 16:51:30
2231921,419,1,COOL,0,1,13.0,24.0,24.0,89282988,2026-04-09 16:51:30
2231922,420,1,COOL,0,1,12.0,24.0,25.0,90184352,2026-04-09 16:51:30
2231923,421,1,COOL,0,1,13.0,24.0,24.0,91085728,2026-04-09 16:51:30
2231924,422,1,COOL,0,1,12.0,24.0,25.0,91987164,2026-04-09 16:51:30
2231925,423,1,COOL,0,1,12.0,24.0,25.0,92888527,2026-04-09 16:51:30
2231926,424,1,COOL,0,1,12.0,24.0,25.0,93789995,2026-04-09 16:51:30
2231927,425,1,COOL,0,1,12.0,24.0,25.0,94691416,2026-04-09 16:51:30
2231928,426,1,COOL,0,1,12.0,24.0,25.0,95592809,2026-04-09 16:51:30
2231929,427,1,COOL,0,1,12.0,24.0,25.0,96494218,2026-04-09 16:51:30
2231930,428,1,COOL,0,1,12.0,24.0,25.0,97395621,2026-04-09 16:51:30
2231931,429,1,COOL,0,1,12.0,24.0,25.0,98296962,2026-04-09 16:51:30
2231932,430,1,COOL,0,1,12.0,24.0,25.0,99198419,2026-04-09 16:51:30
2231933,431,1,COOL,0,1,12.0,24.0,25.0,100099698,2026-04-09 16:51:30
2231934,432,1,COOL,0,1,12.0,24.0,25.0,101000990,2026-04-09 16:51:30
2231935,433,1,COOL,0,1,12.0,24.0,25.0,101902428,2026-04-09 16:51:30
2231936,434,1,COOL,0,1,12.0,24.0,25.0,102803861,2026-04-09 16:51:30
2231937,435,1,COOL,0,1,12.0,24.0,25.0,103705128,2026-04-09 16:51:30
2231938,436,1,COOL,0,1,12.0,24.0,25.0,104606497,2026-04-09 16:51:30
2231939,437,1,COOL,0,1,12.0,24.0,25.0,105507273,2026-04-09 16:51:30
2231940,438,1,COOL,0,1,12.0,24.0,25.0,106408701,2026-04-09 16:51:30
2231941,439,1,COOL,0,1,12.0,24.0,25.0,107310114,2026-04-09 16:51:30
2231942,440,1,COOL,0,1,12.0,24.0,25.0,108211523,2026-04-09 16:51:30
2231943,441,1,HEAT,0,1,13.0,24.0,24.0,108989077,2026-04-09 16:51:30
2231944,442,1,HEAT,0,1,13.0,24.0,24.0,109890471,2026-04-09 16:51:30
2231945,443,1,HEAT,0,1,19.0,24.0,48.0,110791896,2026-04-09 16:51:30
2231946,444,1,HEAT,0,0,19.0,24.0,21.0,279657,2026-04-09 16:51:30
2231947,445,1,HEAT,1,0,21.0,24.0,20.0,283245,2026-04-09 16:51:30
2231948,446,1,HEAT,1,0,21.0,24.0,20.0,1183705,2026-04-09 16:51:30
2231949,447,1,HEAT,1,0,22.0,24.0,20.0,2085038,2026-04-09 16:51:30
2231950,448,1,HEAT,1,0,22.0,24.0,20.0,2986297,2026-04-09 16:51:30
2231951,449,1,HEAT,1,0,23.0,24.0,19.0,3887599,2026-04-09 16:51:30
2231952,450,1,HEAT,1,0,23.0,24.0,19.0,4788860,2026-04-09 16:51:30
2231953,451,1,HEAT,1,0,23.0,24.0,19.0,5690266,2026-04-09 16:51:30
2231954,452,1,HEAT,1,0,24.0,24.0,19.0,6591596,2026-04-09 16:51:30
2231955,453,1,HEAT,1,0,23.0,24.0,19.0,7492983,2026-04-09 16:51:30
2231956,454,1,HEAT,1,0,24.0,24.0,19.0,8394207,2026-04-09 16:51:30
2231957,455,1,HEAT,1,0,23.0,24.0,19.0,9295565,2026-04-09 16:51:30
2231958,456,1,HEAT,1,0,23.0,24.0,19.0,10196847,2026-04-09 16:51:30
2231959,457,1,HEAT,1,0,24.0,24.0,19.0,11098101,2026-04-09 16:51:30
2231960,458,1,HEAT,1,0,23.0,24.0,19.0,11999359,2026-04-09 16:51:30
2231961,459,1,HEAT,1,0,24.0,24.0,19.0,12900668,2026-04-09 16:51:30
2231962,460,1,HEAT,1,0,24.0,24.0,19.0,13801895,2026-04-09 16:51:30
2231963,461,1,HEAT,1,0,24.0,24.0,19.0,14703199,2026-04-09 16:51:30
2231964,462,1,HEAT,1,0,24.0,24.0,19.0,15604465,2026-04-09 16:51:30
2231965,463,1,HEAT,1,0,24.0,24.0,19.0,16505866,2026-04-09 16:51:30
2231966,464,1,HEAT,1,0,24.0,24.0,19.0,17407109,2026-04-09 16:51:30
2231967,465,1,HEAT,1,0,24.0,24.0,19.0,18308526,2026-04-09 16:51:30
2231968,466,1,HEAT,1,0,24.0,24.0,19.0,19209810,2026-04-09 16:51:30
2231969,467,1,HEAT,1,0,24.0,24.0,19.0,20111222,2026-04-09 16:51:30
2231970,468,1,HEAT,1,0,24.0,24.0,19.0,21024658,2026-04-09 16:51:30
2231971,469,1,HEAT,1,0,24.0,24.0,19.0,21925902,2026-04-09 16:51:30
2231972,470,1,HEAT,1,0,24.0,24.0,19.0,22827177,2026-04-09 16:51:30
2231973,471,1,HEAT,1,0,24.0,24.0,19.0,23728498,2026-04-09 16:51:30
2231974,472,1,HEAT,1,0,24.0,24.0,19.0,24629740,2026-04-09 16:51:30
2231975,473,1,HEAT,1,0,24.0,24.0,19.0,25531115,2026-04-09 16:51:30
2231976,474,1,HEAT,1,0,24.0,24.0,19.0,26432349,2026-04-09 16:51:30
2231977,475,1,HEAT,1,0,24.0,24.0,19.0,27333619,2026-04-09 16:51:30
2231978,476,1,HEAT,1,0,24.0,24.0,19.0,28234888,2026-04-09 16:51:30
2231979,477,1,HEAT,1,0,24.0,24.0,19.0,29136310,2026-04-09 16:51:30
2231980,478,1,HEAT,1,0,24.0,24.0,19.0,30037562,2026-04-09 16:51:30
2231981,479,1,HEAT,1,0,24.0,24.0,19.0,30938844,2026-04-09 16:51:30
2231982,480,1,HEAT,1,0,24.0,24.0,19.0,31840121,2026-04-09 16:51:30
2231983,481,1,HEAT,1,0,24.0,24.0,19.0,32741533,2026-04-09 16:51:30
2231984,482,1,HEAT,1,0,24.0,24.0,19.0,33642762,2026-04-09 16:51:30
2231985,483,1,HEAT,1,0,24.0,24.0,19.0,34544492,2026-04-09 16:51:30
2231986,484,1,HEAT,1,0,24.0,24.0,19.0,35445720,2026-04-09 16:51:30
2231987,485,1,HEAT,1,0,25.0,24.0,18.0,36347088,2026-04-09 16:51:30
2231988,486,1,HEAT,1,0,25.0,24.0,18.0,37248552,2026-04-09 16:51:30
2231989,487,1,HEAT,1,0,25.0,24.0,18.0,38149940,2026-04-09 16:51:30
2231990,488,1,HEAT,1,0,24.0,24.0,19.0,39051197,2026-04-09 16:51:30
2231991,489,1,HEAT,1,0,24.0,24.0,19.0,39952496,2026-04-09 16:51:30
2231992,490,1,HEAT,1,0,24.0,24.0,19.0,40853783,2026-04-09 16:51:30
2231993,491,1,HEAT,1,0,24.0,24.0,19.0,41755197,2026-04-09 16:51:30
2231994,492,1,COOL,1,0,24.0,24.0,19.0,122939,2026-04-09 16:51:30
2231995,493,1,COOL,0,1,25.0,24.0,18.0,126963,2026-04-09 16:51:30
2231996,494,1,COOL,0,1,25.0,24.0,18.0,1027383,2026-04-09 16:51:30
2231997,495,1,COOL,0,0,21.0,24.0,20.0,1085042,2026-04-09 16:51:30
2231998,496,1,COOL,1,0,21.0,24.0,20.0,1089557,2026-04-09 16:51:30
2231999,497,1,COOL,0,1,21.0,24.0,20.0,1093428,2026-04-09 16:51:30
2232000,498,1,COOL,0,1,21.0,24.0,20.0,1993850,2026-04-09 16:51:30
2232001,499,1,COOL,0,1,18.0,24.0,22.0,2895127,2026-04-09 16:51:30
2232002,500,1,COOL,0,1,20.0,24.0,21.0,3796528,2026-04-09 16:51:30
2232003,501,1,COOL,0,1,20.0,24.0,21.0,4697772,2026-04-09 16:51:30
2232004,502,1,COOL,0,1,17.0,24.0,22.0,5599173,2026-04-09 16:51:30
2232005,503,1,COOL,0,1,18.0,24.0,22.0,6500404,2026-04-09 16:51:30
2232006,504,1,COOL,0,1,16.0,24.0,23.0,7401696,2026-04-09 16:51:30
2232007,505,1,COOL,0,1,17.0,24.0,22.0,8302968,2026-04-09 16:51:30
2232008,506,1,COOL,0,1,15.0,24.0,23.0,9204302,2026-04-09 16:51:30
2232009,507,1,COOL,0,1,18.0,24.0,22.0,10105587,2026-04-09 16:51:30
2232010,508,1,COOL,0,1,15.0,24.0,23.0,11007015,2026-04-09 16:51:30
2232011,509,1,COOL,0,1,17.0,24.0,22.0,11908287,2026-04-09 16:51:30
2232012,510,1,COOL,0,1,14.0,24.0,24.0,12809723,2026-04-09 16:51:30
2232013,511,1,COOL,0,1,17.0,24.0,22.0,13711028,2026-04-09 16:51:30
2232014,512,1,COOL,0,1,14.0,24.0,24.0,14612443,2026-04-09 16:51:30
2232015,513,1,COOL,0,1,17.0,24.0,22.0,15513693,2026-04-09 16:51:30
2232016,514,1,COOL,0,1,14.0,24.0,24.0,16414957,2026-04-09 16:51:30
2232017,515,1,COOL,0,1,16.0,24.0,23.0,17316218,2026-04-09 16:51:30
2232018,516,1,COOL,0,1,14.0,24.0,24.0,18217583,2026-04-09 16:51:30
2232019,517,1,COOL,0,1,16.0,24.0,23.0,19118805,2026-04-09 16:51:30
2232020,518,1,COOL,0,1,14.0,24.0,24.0,20020195,2026-04-09 16:51:30
2232021,519,1,COOL,0,1,16.0,24.0,23.0,20921457,2026-04-09 16:51:30
2232022,520,1,COOL,0,1,14.0,24.0,24.0,21822717,2026-04-09 16:51:30
2232023,521,1,COOL,0,1,16.0,24.0,23.0,22723154,2026-04-09 16:51:30
2232024,522,1,COOL,0,0,13.0,24.0,24.0,23286000,2026-04-09 16:51:30
2232025,523,1,COOL,1,0,16.0,24.0,23.0,23289409,2026-04-09 16:51:30
2232026,524,1,COOL,0,1,16.0,24.0,26.0,23293299,2026-04-09 16:51:30
2232027,525,1,COOL,0,1,16.0,24.0,26.0,24193701,2026-04-09 16:51:30
2232028,526,1,COOL,0,1,12.0,24.0,25.0,25095057,2026-04-09 16:51:30
2232029,527,1,COOL,0,1,14.0,24.0,24.0,25996394,2026-04-09 16:51:30
2232030,528,1,COOL,0,1,13.0,24.0,24.0,26897703,2026-04-09 16:51:30
2232031,529,1,COOL,0,1,14.0,24.0,24.0,27799119,2026-04-09 16:51:30
2232032,530,1,COOL,0,1,13.0,24.0,24.0,28700513,2026-04-09 16:51:30
2232033,531,1,COOL,0,0,14.0,24.0,24.0,28740793,2026-04-09 16:51:30
2232034,532,1,COOL,1,0,14.0,24.0,24.0,28744745,2026-04-09 16:51:30
2232035,533,1,COOL,0,1,15.0,24.0,23.0,28753947,2026-04-09 16:51:30
2232036,534,1,COOL,0,1,16.0,24.0,34.0,29654377,2026-04-09 16:51:30
2232037,535,1,COOL,0,1,13.0,24.0,24.0,30555754,2026-04-09 16:51:30
2232038,536,1,COOL,0,1,16.0,24.0,23.0,31457111,2026-04-09 16:51:30
2232039,537,1,COOL,0,1,14.0,24.0,24.0,32358569,2026-04-09 16:51:30
2232040,538,1,COOL,0,1,16.0,24.0,23.0,33259921,2026-04-09 16:51:30
2232041,539,1,COOL,0,1,14.0,24.0,24.0,34161244,2026-04-09 16:51:30
2232042,540,1,COOL,0,1,16.0,24.0,23.0,35062554,2026-04-09 16:51:30
2232043,541,1,COOL,0,1,14.0,24.0,24.0,35963818,2026-04-09 16:51:30
2232044,542,1,COOL,0,1,16.0,24.0,23.0,36865215,2026-04-09 16:51:30
2232045,543,1,COOL,0,1,14.0,24.0,24.0,37766470,2026-04-09 16:51:30
2232046,544,1,COOL,0,1,16.0,24.0,23.0,38667825,2026-04-09 16:51:30
2232047,545,0,COOL,0,1,15.0,24.0,23.0,38700808,2026-04-09 16:51:30
2232048,546,0,COOL,0,1,15.0,24.0,23.0,39601201,2026-04-09 16:51:30
2232049,547,0,COOL,0,1,19.0,24.0,21.0,40502456,2026-04-09 16:51:30
2232050,548,0,COOL,0,1,20.0,24.0,21.0,41403872,2026-04-09 16:51:30
2232051,549,0,COOL,0,1,20.0,24.0,21.0,42305272,2026-04-09 16:51:30
2232052,550,0,COOL,0,1,20.0,24.0,21.0,43206573,2026-04-09 16:51:30
2232053,551,0,COOL,0,1,20.0,24.0,21.0,44107812,2026-04-09 16:51:30
2232054,552,0,COOL,0,1,21.0,24.0,20.0,45009226,2026-04-09 16:51:30
2232055,553,0,COOL,0,1,21.0,24.0,20.0,45910659,2026-04-09 16:51:30
2232056,554,0,COOL,0,1,20.0,24.0,21.0,46811968,2026-04-09 16:51:30
2232057,555,0,COOL,0,1,21.0,24.0,20.0,47713365,2026-04-09 16:51:30
2232058,556,0,COOL,0,1,22.0,24.0,20.0,48614753,2026-04-09 16:51:30
2232059,557,0,COOL,0,1,23.0,24.0,19.0,49516182,2026-04-09 16:51:30
2232060,558,0,COOL,0,1,23.0,24.0,19.0,50416827,2026-04-09 16:51:30
2232061,559,0,COOL,0,1,24.0,24.0,19.0,51318225,2026-04-09 16:51:30
2232062,560,0,COOL,0,1,24.0,24.0,19.0,52219623,2026-04-09 16:51:30
2232063,561,0,COOL,0,1,24.0,24.0,19.0,53121031,2026-04-09 16:51:30
2232064,562,0,COOL,0,1,24.0,24.0,19.0,54022439,2026-04-09 16:51:30
2232065,563,0,COOL,0,1,24.0,24.0,19.0,54923845,2026-04-09 16:51:30
2232066,564,0,COOL,0,1,24.0,24.0,19.0,55825146,2026-04-09 16:51:30
2232067,565,0,COOL,0,1,24.0,24.0,19.0,56726425,2026-04-09 16:51:30
2232068,566,0,COOL,0,1,24.0,24.0,19.0,57627692,2026-04-09 16:51:30
2232069,567,0,COOL,0,1,24.0,24.0,19.0,58528322,2026-04-09 16:51:30
2232070,568,0,COOL,0,1,24.0,24.0,19.0,59429094,2026-04-09 16:51:30
2232071,569,0,COOL,0,1,24.0,24.0,19.0,60330516,2026-04-09 16:51:30
2232072,570,0,COOL,0,1,25.0,24.0,18.0,61231880,2026-04-09 16:51:30
2232073,571,0,COOL,0,1,25.0,24.0,18.0,62133279,2026-04-09 16:51:30
2232074,572,0,COOL,0,1,25.0,24.0,18.0,63034604,2026-04-09 16:51:30
2232075,573,0,COOL,0,1,25.0,24.0,18.0,63935962,2026-04-09 16:51:30
2232076,574,0,COOL,0,1,25.0,24.0,19.0,64837330,2026-04-09 16:51:30
2232077,575,0,COOL,0,1,25.0,24.0,18.0,65738585,2026-04-09 16:51:30
2232078,576,0,COOL,0,1,25.0,24.0,18.0,66639996,2026-04-09 16:51:30
2232079,577,0,COOL,0,1,25.0,24.0,18.0,67541286,2026-04-09 16:51:30
2232080,578,0,COOL,0,1,25.0,24.0,18.0,68442059,2026-04-09 16:51:30
2232081,579,0,COOL,0,1,25.0,24.0,18.0,69343351,2026-04-09 16:51:30
2232082,580,0,COOL,0,1,25.0,24.0,18.0,70244746,2026-04-09 16:51:30
2232083,581,0,COOL,0,1,25.0,24.0,18.0,71146169,2026-04-09 16:51:30
2232084,582,1,COOL,0,1,25.0,24.0,18.0,71407066,2026-04-09 16:51:30
2232085,583,1,HEAT,0,1,25.0,24.0,18.0,71410537,2026-04-09 16:51:30
2232086,584,1,HEAT,0,0,25.0,24.0,19.0,71413632,2026-04-09 16:51:30
2232087,585,1,HEAT,1,0,25.0,24.0,18.0,71416148,2026-04-09 16:51:30
2232088,586,1,HEAT,0,1,25.0,24.0,18.0,71419399,2026-04-09 16:51:30
2232089,587,1,HEAT,0,0,25.0,24.0,18.0,71804968,2026-04-09 16:51:30
2232090,588,1,HEAT,1,0,23.0,24.0,19.0,71811578,2026-04-09 16:51:30
2232091,589,1,HEAT,1,0,23.0,24.0,23.0,72712005,2026-04-09 16:51:30
2232092,590,1,HEAT,1,0,24.0,24.0,19.0,73613251,2026-04-09 16:51:30
2232093,591,1,HEAT,1,0,24.0,24.0,19.0,74514527,2026-04-09 16:51:30
2232094,592,1,HEAT,1,0,24.0,24.0,19.0,75415762,2026-04-09 16:51:30
2232095,593,1,HEAT,1,0,24.0,24.0,19.0,76317142,2026-04-09 16:51:30
2232096,594,1,HEAT,1,0,25.0,24.0,18.0,77218376,2026-04-09 16:51:30
2232097,595,1,HEAT,1,0,25.0,24.0,18.0,78119800,2026-04-09 16:51:30
2232098,596,1,HEAT,1,0,27.0,24.0,17.0,79021029,2026-04-09 16:51:30
2232099,597,1,HEAT,1,0,26.0,24.0,18.0,79922338,2026-04-09 16:51:30
2232100,598,1,HEAT,1,0,27.0,24.0,17.0,80823584,2026-04-09 16:51:30
2232101,599,1,HEAT,1,0,27.0,24.0,17.0,81725014,2026-04-09 16:51:30
2232102,600,1,HEAT,1,0,27.0,24.0,17.0,82626259,2026-04-09 16:51:30
2232103,601,1,HEAT,1,0,25.0,24.0,18.0,911186,2026-04-09 16:51:30
2232104,602,1,HEAT,1,0,25.0,24.0,18.0,1822770,2026-04-09 16:51:30
2232105,603,1,HEAT,1,0,24.0,24.0,19.0,2723196,2026-04-09 16:51:31
2232106,604,1,HEAT,1,0,24.0,24.0,19.0,3633628,2026-04-09 16:51:31
2232107,605,1,HEAT,1,0,24.0,24.0,21.0,4534045,2026-04-09 16:51:31
2232108,606,1,HEAT,1,0,23.0,24.0,19.0,5444684,2026-04-09 16:51:31
2232109,607,1,HEAT,1,0,23.0,24.0,19.0,6345090,2026-04-09 16:51:31
2232110,608,1,HEAT,1,0,24.0,24.0,19.0,7255495,2026-04-09 16:51:31
2232111,609,1,HEAT,1,0,24.0,24.0,19.0,8155950,2026-04-09 16:51:31
2232112,610,1,HEAT,1,0,24.0,24.0,19.0,9068380,2026-04-09 16:51:31
2232113,611,1,HEAT,1,0,24.0,24.0,19.0,9968809,2026-04-09 16:51:31
2232114,612,1,HEAT,1,0,24.0,24.0,19.0,10879848,2026-04-09 16:51:31
2232115,613,1,HEAT,1,0,24.0,24.0,19.0,11780337,2026-04-09 16:51:31
2232116,614,1,HEAT,1,0,23.0,24.0,19.0,12690847,2026-04-09 16:51:31
2233347,615,1,HEAT,1,0,24.0,24.0,21.0,13591283,2026-04-16 02:10:17
2233348,616,1,HEAT,1,0,24.0,24.0,19.0,14501787,2026-04-16 02:10:17
2233349,617,1,HEAT,1,0,24.0,24.0,19.0,15402223,2026-04-16 02:10:17
2233350,618,1,COOL,1,0,24.0,24.0,19.0,22168,2026-04-16 02:10:17
2233351,619,1,COOL,0,1,24.0,24.0,19.0,25159,2026-04-16 02:10:17
2233352,620,1,COOL,0,1,24.0,24.0,19.0,925549,2026-04-16 02:10:17
2233353,621,1,COOL,0,1,21.0,24.0,20.0,1826825,2026-04-16 02:10:17
2233354,622,1,COOL,0,1,21.0,24.0,20.0,2727225,2026-04-16 02:10:17
2233355,623,1,COOL,0,1,18.0,24.0,22.0,3634089,2026-04-16 02:10:17
2233356,624,1,COOL,0,1,19.0,24.0,21.0,4534485,2026-04-16 02:10:17
2233357,625,1,COOL,0,1,17.0,24.0,22.0,5444930,2026-04-16 02:10:17
2233358,626,1,COOL,0,1,18.0,24.0,22.0,6345313,2026-04-16 02:10:17
2233359,627,1,COOL,0,1,16.0,24.0,23.0,7255754,2026-04-16 02:10:17
2233360,628,1,COOL,0,1,17.0,24.0,22.0,8156175,2026-04-16 02:10:17
2233361,629,1,COOL,0,1,15.0,24.0,23.0,9068584,2026-04-16 02:10:17
2233362,630,1,COOL,0,1,17.0,24.0,22.0,9969011,2026-04-16 02:10:17
2233363,631,1,COOL,0,1,15.0,24.0,23.0,10879509,2026-04-16 02:10:17
2233364,632,1,COOL,0,1,17.0,24.0,22.0,11779912,2026-04-16 02:10:17
2233365,633,1,COOL,0,1,15.0,24.0,23.0,12690500,2026-04-16 02:10:17
2233366,634,1,COOL,0,1,17.0,24.0,22.0,13590909,2026-04-16 02:10:17
2233367,635,1,COOL,0,1,15.0,24.0,23.0,14501328,2026-04-16 02:10:17
2233368,636,1,COOL,0,1,16.0,24.0,23.0,15401732,2026-04-16 02:10:17
2233369,637,1,COOL,0,1,15.0,24.0,23.0,16312179,2026-04-16 02:10:17
2233370,638,1,COOL,0,1,16.0,24.0,23.0,17212599,2026-04-16 02:10:17
2233371,639,1,COOL,0,1,14.0,24.0,24.0,18123168,2026-04-16 02:10:17
2233372,640,1,COOL,0,1,16.0,24.0,23.0,19023590,2026-04-16 02:10:17
2233373,641,1,COOL,0,0,14.0,24.0,24.0,19670930,2026-04-16 02:10:17
2233374,642,1,COOL,1,0,15.0,24.0,23.0,19674714,2026-04-16 02:10:17
2233375,643,1,COOL,0,1,15.0,24.0,23.0,19678568,2026-04-16 02:10:17
2233376,644,1,COOL,0,1,15.0,24.0,23.0,20579010,2026-04-16 02:10:17
2233377,645,1,COOL,0,0,15.0,24.0,23.0,20686387,2026-04-16 02:10:17
2233378,646,1,COOL,1,0,15.0,24.0,23.0,20690487,2026-04-16 02:10:17
2233379,647,1,COOL,0,1,15.0,24.0,23.0,20693735,2026-04-16 02:10:17
2233380,648,1,COOL,0,1,15.0,24.0,23.0,21594168,2026-04-16 02:10:17
2233381,649,1,HEAT,0,1,16.0,24.0,23.0,21620574,2026-04-16 02:10:17
2233382,650,1,HEAT,0,0,16.0,24.0,23.0,21629082,2026-04-16 02:10:17
2233383,651,1,HEAT,1,0,16.0,24.0,23.0,21634348,2026-04-16 02:10:17
2233384,652,1,HEAT,0,1,17.0,24.0,28.0,21646462,2026-04-16 02:10:17
2233385,653,1,HEAT,0,1,17.0,24.0,22.0,22546892,2026-04-16 02:10:17
2233386,654,1,HEAT,0,1,25.0,24.0,18.0,23448294,2026-04-16 02:10:17
2233387,655,1,HEAT,0,1,24.0,24.0,19.0,24349713,2026-04-16 02:10:17
2233388,656,1,HEAT,0,1,24.0,24.0,19.0,25251127,2026-04-16 02:10:17
2233389,657,1,HEAT,0,0,24.0,24.0,19.0,26006888,2026-04-16 02:10:17
2233390,658,1,HEAT,1,0,29.0,24.0,16.0,26014157,2026-04-16 02:10:17
2233391,659,1,HEAT,1,0,29.0,24.0,16.0,26914585,2026-04-16 02:10:17
2233392,660,1,HEAT,1,0,25.0,24.0,18.0,27815982,2026-04-16 02:10:17
2233393,661,1,HEAT,1,0,26.0,24.0,18.0,28717308,2026-04-16 02:10:17
2233394,662,1,HEAT,1,0,26.0,24.0,18.0,29618041,2026-04-16 02:10:17
2233395,663,1,HEAT,1,0,27.0,24.0,17.0,30519431,2026-04-16 02:10:17
2233396,664,1,HEAT,1,0,26.0,24.0,18.0,31420846,2026-04-16 02:10:17
2233397,665,1,HEAT,1,0,27.0,24.0,17.0,32321644,2026-04-16 02:10:17
2233398,666,1,HEAT,1,0,26.0,24.0,18.0,33222929,2026-04-16 02:10:17
2233399,667,1,HEAT,1,0,25.0,24.0,18.0,34124201,2026-04-16 02:10:17
2233400,668,1,HEAT,1,0,25.0,24.0,18.0,35025565,2026-04-16 02:10:17
2233401,669,1,HEAT,1,0,24.0,24.0,19.0,35926955,2026-04-16 02:10:17
2233402,670,1,HEAT,1,0,24.0,24.0,19.0,36828345,2026-04-16 02:10:17
2233403,671,1,HEAT,1,0,24.0,24.0,19.0,37729676,2026-04-16 02:10:17
2233404,672,1,HEAT,1,0,24.0,24.0,19.0,38630938,2026-04-16 02:10:17
2233405,673,1,HEAT,1,0,24.0,24.0,19.0,39532365,2026-04-16 02:10:17
2233406,674,1,HEAT,1,0,24.0,24.0,19.0,40433752,2026-04-16 02:10:17
2233407,675,1,HEAT,1,0,24.0,24.0,19.0,41335012,2026-04-16 02:10:17
2233408,676,1,HEAT,1,0,24.0,24.0,19.0,42235739,2026-04-16 02:10:17
2233409,677,1,HEAT,1,0,23.0,24.0,19.0,43137106,2026-04-16 02:10:17
2233410,678,1,HEAT,1,0,23.0,24.0,48.0,44037865,2026-04-16 02:10:17
2233411,679,1,HEAT,1,0,23.0,24.0,19.0,44939250,2026-04-16 02:10:17
2233412,680,1,HEAT,1,0,23.0,24.0,19.0,45840627,2026-04-16 02:10:17
2233413,681,1,HEAT,1,0,25.0,24.0,18.0,46742043,2026-04-16 02:10:17
2233414,682,1,HEAT,1,0,23.0,24.0,19.0,47643429,2026-04-16 02:10:17
2233415,683,1,HEAT,1,0,23.0,24.0,19.0,48544713,2026-04-16 02:10:17
2233416,684,1,HEAT,1,0,23.0,24.0,19.0,49446017,2026-04-16 02:10:17
2233417,685,1,HEAT,1,0,23.0,24.0,19.0,50347417,2026-04-16 02:10:17
2233418,686,1,HEAT,1,0,23.0,24.0,19.0,51248796,2026-04-16 02:10:17
2233419,687,1,HEAT,1,0,22.0,24.0,20.0,52150215,2026-04-16 02:10:17
2233420,688,1,HEAT,1,0,22.0,24.0,20.0,53051626,2026-04-16 02:10:17
2233421,689,1,HEAT,1,0,22.0,24.0,20.0,53952973,2026-04-16 02:10:17
2233422,690,1,HEAT,1,0,22.0,24.0,20.0,54854419,2026-04-16 02:10:17
2233423,691,1,HEAT,1,0,22.0,24.0,20.0,55755868,2026-04-16 02:10:17
2233424,692,1,HEAT,1,0,22.0,24.0,20.0,56657273,2026-04-16 02:10:17
2233425,693,1,HEAT,1,0,22.0,24.0,20.0,57558648,2026-04-16 02:10:17
2233426,694,1,HEAT,1,0,22.0,24.0,20.0,58460050,2026-04-16 02:10:17
2233427,695,1,HEAT,1,0,22.0,24.0,20.0,59361341,2026-04-16 02:10:17
2233428,696,1,HEAT,1,0,22.0,24.0,20.0,60262725,2026-04-16 02:10:17
2233429,697,1,HEAT,1,0,22.0,24.0,20.0,61164161,2026-04-16 02:10:17
2233430,698,1,HEAT,1,0,22.0,24.0,20.0,62065540,2026-04-16 02:10:17
2233431,699,1,HEAT,1,0,22.0,24.0,20.0,62966949,2026-04-16 02:10:17
2233432,700,1,HEAT,1,0,22.0,24.0,20.0,63868242,2026-04-16 02:10:17
2233433,701,1,HEAT,1,0,22.0,24.0,20.0,64769469,2026-04-16 02:10:17
2233434,702,1,HEAT,1,0,22.0,24.0,20.0,65670854,2026-04-16 02:10:17
2233435,703,1,HEAT,1,0,23.0,24.0,19.0,912291,2026-04-16 02:10:17
2233436,704,1,HEAT,1,0,23.0,24.0,19.0,1823153,2026-04-16 02:10:17
2233437,705,1,HEAT,1,0,23.0,24.0,25.0,911321,2026-04-16 02:10:17
2233438,706,1,HEAT,1,0,23.0,24.0,19.0,1822118,2026-04-16 02:10:17
2233439,707,1,HEAT,0,1,24.0,24.0,19.0,2652533,2026-04-16 02:10:17
2233440,708,1,HEAT,0,0,24.0,24.0,19.0,2978055,2026-04-16 02:10:17
2233441,709,1,HEAT,1,0,25.0,24.0,18.0,2983739,2026-04-16 02:10:17
2233442,710,1,HEAT,1,0,25.0,24.0,18.0,3884184,2026-04-16 02:10:18
2233443,711,1,HEAT,0,1,24.0,24.0,19.0,4014143,2026-04-16 02:10:18
2233444,712,1,HEAT,0,1,24.0,24.0,19.0,4915436,2026-04-16 02:10:18
2233445,713,1,HEAT,0,1,28.0,24.0,17.0,5816846,2026-04-16 02:10:18
2233446,714,1,HEAT,0,1,26.0,24.0,18.0,6718198,2026-04-16 02:10:18
2233447,715,1,HEAT,0,1,24.0,24.0,19.0,7619477,2026-04-16 02:10:18
2233448,716,1,HEAT,0,0,24.0,24.0,19.0,8310108,2026-04-16 02:10:18
2233449,717,1,HEAT,1,0,24.0,24.0,19.0,8314800,2026-04-16 02:10:18
2233450,718,1,HEAT,0,1,24.0,24.0,19.0,8318139,2026-04-16 02:10:18
2233451,719,1,HEAT,0,0,24.0,24.0,19.0,8620159,2026-04-16 02:10:18
2233452,720,1,HEAT,1,0,27.0,24.0,17.0,8625295,2026-04-16 02:10:18
2233453,721,1,HEAT,1,0,27.0,24.0,17.0,9525720,2026-04-16 02:10:18
2233454,722,1,HEAT,1,0,29.0,24.0,16.0,10427128,2026-04-16 02:10:18
2233455,723,1,HEAT,1,0,27.0,24.0,17.0,11328572,2026-04-16 02:10:18
2233456,724,1,HEAT,1,0,27.0,24.0,17.0,12229963,2026-04-16 02:10:18
2233457,725,1,HEAT,1,0,34.0,24.0,14.0,13131368,2026-04-16 02:10:18
2233458,726,1,HEAT,1,0,30.0,24.0,16.0,14032677,2026-04-16 02:10:18
2233459,727,1,HEAT,1,0,30.0,24.0,16.0,14934039,2026-04-16 02:10:18
2233460,728,1,HEAT,1,0,27.0,24.0,17.0,15835451,2026-04-16 02:10:18
2233461,729,1,COOL,1,0,27.0,24.0,17.0,16211286,2026-04-16 02:10:18
2233462,730,1,HEAT,1,0,27.0,24.0,17.0,16216109,2026-04-16 02:10:18
2233463,731,1,HEAT,0,1,27.0,24.0,17.0,16219293,2026-04-16 02:10:18
2233464,732,1,HEAT,0,1,26.0,24.0,19.0,17119694,2026-04-16 02:10:18
2233465,733,1,COOL,0,1,27.0,24.0,17.0,17673072,2026-04-16 02:10:18
2233466,734,1,COOL,0,1,24.0,24.0,19.0,18574404,2026-04-16 02:10:18
2233467,735,1,COOL,0,0,19.0,24.0,21.0,18634467,2026-04-16 02:10:18
2233468,736,1,COOL,1,0,19.0,24.0,21.0,18638212,2026-04-16 02:10:18
2233469,737,1,COOL,0,1,19.0,24.0,21.0,18641436,2026-04-16 02:10:18
2233470,738,1,COOL,0,1,19.0,24.0,21.0,19541830,2026-04-16 02:10:18
2233471,739,1,COOL,0,1,16.0,24.0,23.0,20443245,2026-04-16 02:10:18
2233472,740,1,COOL,0,1,16.0,24.0,23.0,21344515,2026-04-16 02:10:18
2233473,741,1,COOL,0,1,15.0,24.0,23.0,22245770,2026-04-16 02:10:18
2233474,742,1,COOL,0,1,15.0,24.0,23.0,23147140,2026-04-16 02:10:18
2233475,743,1,COOL,0,1,14.0,24.0,24.0,24048536,2026-04-16 02:10:18
2233476,744,1,COOL,0,1,14.0,24.0,24.0,24949966,2026-04-16 02:10:18
2233477,745,1,COOL,0,1,14.0,24.0,24.0,25851359,2026-04-16 02:10:18
2233478,746,1,COOL,0,1,13.0,24.0,26.0,26752654,2026-04-16 02:10:18
2233479,747,1,COOL,0,1,13.0,24.0,24.0,27654057,2026-04-16 02:10:18
2233480,748,1,COOL,0,1,12.0,24.0,25.0,28555461,2026-04-16 02:10:18
2233481,749,1,COOL,0,1,12.0,24.0,25.0,29456768,2026-04-16 02:10:18
2233482,750,1,COOL,0,1,12.0,24.0,25.0,30358025,2026-04-16 02:10:18
2233483,751,1,COOL,0,1,12.0,24.0,25.0,31259335,2026-04-16 02:10:18
2233484,752,1,COOL,0,1,11.0,24.0,25.0,32160734,2026-04-16 02:10:18
2233485,753,1,COOL,0,1,12.0,24.0,25.0,33062033,2026-04-16 02:10:18
2233486,754,1,COOL,0,1,11.0,24.0,25.0,33963432,2026-04-16 02:10:18
2233487,755,1,COOL,0,1,11.0,24.0,25.0,34864864,2026-04-16 02:10:18
2233488,756,1,COOL,0,1,11.0,24.0,25.0,35766159,2026-04-16 02:10:18
2233489,757,1,COOL,0,1,11.0,24.0,25.0,36667508,2026-04-16 02:10:18
2233490,758,1,COOL,0,1,11.0,24.0,25.0,37568901,2026-04-16 02:10:18
2233491,759,1,COOL,0,1,11.0,24.0,25.0,38470313,2026-04-16 02:10:18
2233492,760,1,COOL,0,1,11.0,24.0,25.0,39371704,2026-04-16 02:10:18
2233493,761,1,COOL,0,1,11.0,24.0,25.0,40273024,2026-04-16 02:10:18
2233494,762,1,COOL,0,1,11.0,24.0,25.0,41174375,2026-04-16 02:10:18
2233495,763,1,COOL,0,1,12.0,24.0,25.0,42075759,2026-04-16 02:10:18
2233496,764,1,COOL,0,1,11.0,24.0,25.0,42977215,2026-04-16 02:10:18
2233497,765,1,COOL,0,1,11.0,24.0,25.0,43878930,2026-04-16 02:10:18
2233498,766,1,COOL,0,1,11.0,24.0,25.0,44780349,2026-04-16 02:10:18
2233499,767,1,COOL,0,1,11.0,24.0,25.0,45681751,2026-04-16 02:10:18
2233500,768,1,HEAT,0,1,11.0,24.0,25.0,46097608,2026-04-16 02:10:18
2233501,769,1,HEAT,0,0,19.0,24.0,21.0,257023,2026-04-16 02:10:18
2233502,770,1,HEAT,0,0,23.0,24.0,19.0,1158262,2026-04-16 02:10:18
2233503,771,1,HEAT,1,0,20.0,24.0,21.0,14317,2026-04-16 02:10:18
2233504,772,1,HEAT,0,1,20.0,24.0,21.0,17568,2026-04-16 02:10:18
2233505,773,1,HEAT,0,1,28.0,24.0,17.0,910410,2026-04-16 02:10:18
2233506,774,1,HEAT,0,1,28.0,24.0,17.0,913461,2026-04-16 02:10:18
2233507,775,1,HEAT,0,1,28.0,24.0,17.0,1824407,2026-04-16 02:10:18
2233508,776,1,HEAT,0,1,27.0,24.0,17.0,910451,2026-04-16 02:10:18
2233509,777,1,HEAT,0,1,29.0,24.0,16.0,1821273,2026-04-16 02:10:18
2233510,778,1,HEAT,0,1,27.0,24.0,17.0,2721710,2026-04-16 02:10:18
2233511,779,1,HEAT,0,1,30.0,24.0,16.0,3632078,2026-04-16 02:10:18
2233512,780,1,HEAT,0,1,26.0,24.0,18.0,912220,2026-04-16 02:10:18
2233513,781,1,HEAT,0,1,29.0,24.0,16.0,1823162,2026-04-16 02:10:18
2233514,782,1,HEAT,0,1,27.0,24.0,17.0,2723555,2026-04-16 02:10:18
2233515,783,1,HEAT,0,1,29.0,24.0,16.0,3634610,2026-04-16 02:10:18
2233516,784,1,HEAT,0,1,28.0,24.0,17.0,4534995,2026-04-16 02:10:18
2233517,785,1,HEAT,0,1,26.0,24.0,18.0,5445527,2026-04-16 02:10:18
2233518,786,1,HEAT,0,1,25.0,24.0,18.0,6345926,2026-04-16 02:10:18
2233519,787,1,HEAT,0,0,24.0,24.0,19.0,6458806,2026-04-16 02:10:18
2233520,788,1,HEAT,1,0,24.0,24.0,19.0,6462089,2026-04-16 02:10:18
2233521,789,1,HEAT,0,1,25.0,24.0,18.0,6473195,2026-04-16 02:10:18
2233522,790,1,HEAT,0,1,25.0,24.0,18.0,7373595,2026-04-16 02:10:18
2233523,791,1,HEAT,0,1,28.0,24.0,17.0,8274834,2026-04-16 02:10:18
2233524,792,1,HEAT,0,1,25.0,24.0,18.0,9176201,2026-04-16 02:10:18
2233525,793,1,HEAT,0,0,25.0,24.0,18.0,9636698,2026-04-16 02:10:18
2233526,794,1,COOL,0,0,28.0,24.0,17.0,9640855,2026-04-16 02:10:18
2233527,795,1,COOL,1,0,28.0,24.0,17.0,9645238,2026-04-16 02:10:18
2233528,796,1,COOL,0,1,28.0,24.0,17.0,9649324,2026-04-16 02:10:18
2233529,797,1,COOL,0,0,28.0,24.0,17.0,9653410,2026-04-16 02:10:18
2233530,798,1,COOL,1,0,28.0,24.0,17.0,9657639,2026-04-16 02:10:18
2233531,799,1,COOL,0,1,28.0,24.0,17.0,9660870,2026-04-16 02:10:18
2233532,800,1,COOL,0,1,28.0,24.0,17.0,10561278,2026-04-16 02:10:18
2233533,801,1,COOL,0,1,21.0,24.0,20.0,11462551,2026-04-16 02:10:18
2233534,802,1,COOL,0,1,17.0,24.0,22.0,12363959,2026-04-16 02:10:18
2233535,803,1,COOL,0,1,17.0,24.0,22.0,13265327,2026-04-16 02:10:18
2233536,804,1,COOL,0,1,15.0,24.0,23.0,14166739,2026-04-16 02:10:18
2233537,805,1,COOL,0,1,15.0,24.0,23.0,15068145,2026-04-16 02:10:18
2233538,806,1,COOL,0,1,14.0,24.0,24.0,15969498,2026-04-16 02:10:18
2233539,807,1,COOL,0,1,14.0,24.0,24.0,16870882,2026-04-16 02:10:18
2233540,808,1,HEAT,0,1,13.0,24.0,24.0,17295690,2026-04-16 02:10:18
2233541,809,1,COOL,0,1,13.0,24.0,24.0,17300453,2026-04-16 02:10:18
2233542,810,1,HEAT,0,1,13.0,24.0,24.0,17303550,2026-04-16 02:10:18
2233543,811,1,HEAT,0,1,13.0,24.0,24.0,18203956,2026-04-16 02:10:18
2233544,812,1,HEAT,0,0,19.0,24.0,21.0,18381193,2026-04-16 02:10:18
2233545,813,1,HEAT,1,0,19.0,24.0,21.0,18385904,2026-04-16 02:10:18
2233546,814,1,HEAT,0,1,20.0,24.0,21.0,18390744,2026-04-16 02:10:18
2233547,815,1,HEAT,0,1,20.0,24.0,21.0,19291148,2026-04-16 02:10:18
2233548,816,1,HEAT,0,1,24.0,24.0,19.0,20192441,2026-04-16 02:10:18
2233549,817,1,HEAT,0,1,22.0,24.0,20.0,21093693,2026-04-16 02:10:18
2233550,818,1,HEAT,0,1,22.0,24.0,20.0,21994978,2026-04-16 02:10:18
2233551,819,1,HEAT,0,0,22.0,24.0,20.0,22726924,2026-04-16 02:10:18
2233552,820,1,HEAT,1,0,22.0,24.0,20.0,22732282,2026-04-16 02:10:18
2233553,821,1,HEAT,0,1,22.0,24.0,20.0,22735540,2026-04-16 02:10:18
2233554,822,1,HEAT,0,1,22.0,24.0,20.0,23635950,2026-04-16 02:10:18
2233555,823,1,HEAT,0,0,26.0,24.0,18.0,24368454,2026-04-16 02:10:18
2233556,824,1,HEAT,1,0,24.0,24.0,19.0,24372975,2026-04-16 02:10:18
2233557,825,1,HEAT,0,1,24.0,24.0,19.0,24377321,2026-04-16 02:10:18
2233558,826,1,HEAT,0,1,24.0,24.0,23.0,25277746,2026-04-16 02:10:18
2233559,827,1,HEAT,0,1,27.0,24.0,17.0,26178526,2026-04-16 02:10:18
2233560,828,1,HEAT,0,1,25.0,24.0,18.0,27079777,2026-04-16 02:10:18
2233561,829,1,HEAT,0,1,24.0,24.0,19.0,27981161,2026-04-16 02:10:18
2233562,830,1,HEAT,0,1,23.0,24.0,19.0,28882540,2026-04-16 02:10:18
2233563,831,1,HEAT,0,1,23.0,24.0,19.0,911344,2026-04-16 02:10:18
2233564,832,1,HEAT,0,1,23.0,24.0,19.0,1822297,2026-04-16 02:10:18
2233565,833,1,HEAT,0,0,23.0,24.0,19.0,2169667,2026-04-16 02:10:18
2233566,834,1,HEAT,1,0,22.0,24.0,20.0,2173221,2026-04-16 02:10:18
2233567,835,1,HEAT,0,1,22.0,24.0,20.0,2176917,2026-04-16 02:10:18
2233568,836,1,HEAT,0,1,22.0,24.0,20.0,3077329,2026-04-16 02:10:18
2233569,837,1,HEAT,0,1,27.0,24.0,17.0,3978577,2026-04-16 02:10:18
2233570,838,1,HEAT,0,1,25.0,24.0,18.0,4879983,2026-04-16 02:10:18
2233571,839,1,HEAT,0,1,24.0,24.0,19.0,5781394,2026-04-16 02:10:18
2233572,840,1,HEAT,0,1,23.0,24.0,19.0,6682802,2026-04-16 02:10:18
2233573,841,1,HEAT,0,1,23.0,24.0,19.0,7584187,2026-04-16 02:10:18
2233574,842,1,HEAT,0,1,22.0,24.0,20.0,8485588,2026-04-16 02:10:18
2233575,843,1,HEAT,0,1,22.0,24.0,20.0,9386897,2026-04-16 02:10:18
2233576,844,1,HEAT,0,1,23.0,24.0,19.0,10288265,2026-04-16 02:10:18
2233577,845,1,HEAT,0,1,22.0,24.0,20.0,11189633,2026-04-16 02:10:18
2233578,846,1,HEAT,0,1,22.0,24.0,20.0,12091008,2026-04-16 02:10:18
2233579,847,1,COOL,0,1,22.0,24.0,20.0,12882029,2026-04-16 02:10:18
2233580,848,1,COOL,0,1,22.0,24.0,20.0,13783259,2026-04-16 02:10:18
2233581,849,1,COOL,0,0,17.0,24.0,22.0,13811797,2026-04-16 02:10:18
2233582,850,1,COOL,1,0,18.0,24.0,22.0,13814689,2026-04-16 02:10:18
2233583,851,1,COOL,0,1,18.0,24.0,22.0,13818838,2026-04-16 02:10:18
2233584,852,1,COOL,0,1,18.0,24.0,22.0,14719271,2026-04-16 02:10:18
2233585,853,1,COOL,0,1,15.0,24.0,23.0,15620535,2026-04-16 02:10:18
2233586,854,1,COOL,0,1,16.0,24.0,23.0,16521958,2026-04-16 02:10:18
2233587,855,1,COOL,0,1,16.0,24.0,23.0,17423227,2026-04-16 02:10:18
2233588,856,1,COOL,0,1,17.0,24.0,22.0,18324504,2026-04-16 02:10:18
2233589,857,1,COOL,0,1,16.0,24.0,23.0,19225748,2026-04-16 02:10:18
2233590,858,1,COOL,0,0,14.0,24.0,24.0,19395495,2026-04-16 02:10:18
2233591,859,1,COOL,1,0,15.0,24.0,23.0,19398760,2026-04-16 02:10:18
2233592,860,1,COOL,0,1,15.0,24.0,24.0,19404656,2026-04-16 02:10:18
2233593,861,1,COOL,0,0,16.0,24.0,29.0,19409243,2026-04-16 02:10:18
2233594,862,1,HEAT,0,0,16.0,24.0,25.0,19415409,2026-04-16 02:10:18
2233595,863,1,COOL,0,0,16.0,24.0,33.0,19420149,2026-04-16 02:10:18
2233596,864,1,HEAT,0,0,16.0,24.0,29.0,19434307,2026-04-16 02:10:18
2233597,865,1,COOL,0,0,16.0,24.0,26.0,19437806,2026-04-16 02:10:18
2233598,866,1,COOL,1,0,17.0,24.0,33.0,19442144,2026-04-16 02:10:18
2233599,867,1,COOL,0,1,17.0,24.0,34.0,19445694,2026-04-16 02:10:18
2233600,868,1,COOL,0,0,17.0,24.0,37.0,19449291,2026-04-16 02:10:18
2233601,869,1,COOL,1,0,18.0,24.0,38.0,19455693,2026-04-16 02:10:18
2233602,870,1,COOL,0,1,19.0,24.0,41.0,19459329,2026-04-16 02:10:18
2233603,871,1,COOL,0,0,19.0,24.0,42.0,19464116,2026-04-16 02:10:18
2233604,872,1,COOL,1,0,20.0,24.0,43.0,19466658,2026-04-16 02:10:18
2233605,873,1,COOL,0,1,20.0,24.0,43.0,19472017,2026-04-16 02:10:18
2233606,874,1,COOL,0,1,21.0,24.0,43.0,20372422,2026-04-16 02:10:18
2233607,875,1,COOL,0,1,13.0,24.0,24.0,21273747,2026-04-16 02:10:18
2233608,876,1,COOL,0,1,14.0,24.0,24.0,22175142,2026-04-16 02:10:18
2233609,877,1,COOL,0,1,13.0,24.0,24.0,23076530,2026-04-16 02:10:18
2233610,878,1,COOL,0,1,12.0,24.0,25.0,23977901,2026-04-16 02:10:18
2233611,879,1,COOL,0,1,13.0,24.0,24.0,24879255,2026-04-16 02:10:18
2233612,880,1,COOL,0,1,14.0,24.0,24.0,25780652,2026-04-16 02:10:18
2233613,881,1,COOL,0,1,13.0,24.0,24.0,26681990,2026-04-16 02:10:18
2233614,882,1,COOL,0,1,12.0,24.0,25.0,27582713,2026-04-16 02:10:18
2233615,883,1,COOL,0,1,13.0,24.0,24.0,28484093,2026-04-16 02:10:18
2233616,884,1,COOL,0,1,14.0,24.0,24.0,29385353,2026-04-16 02:10:18
2233617,885,1,COOL,0,1,15.0,24.0,23.0,30286646,2026-04-16 02:10:18
2233618,886,1,COOL,0,1,15.0,24.0,23.0,31187940,2026-04-16 02:10:18
2233619,887,1,COOL,0,1,15.0,24.0,23.0,32089213,2026-04-16 02:10:18
2233620,888,1,COOL,0,1,15.0,24.0,23.0,32990464,2026-04-16 02:10:18
2233621,889,1,COOL,0,0,16.0,24.0,23.0,33085267,2026-04-16 02:10:18
2233622,890,1,COOL,1,0,16.0,24.0,23.0,33088883,2026-04-16 02:10:18
2233623,891,1,COOL,0,1,16.0,24.0,23.0,33095832,2026-04-16 02:10:18
2233624,892,1,COOL,0,1,17.0,24.0,24.0,33996233,2026-04-16 02:10:18
2233625,893,1,COOL,0,1,13.0,24.0,24.0,34897497,2026-04-16 02:10:18
2233626,894,1,COOL,0,1,14.0,24.0,24.0,35798778,2026-04-16 02:10:18
2233627,895,1,COOL,0,1,15.0,24.0,23.0,36700214,2026-04-16 02:10:18
2233628,896,1,COOL,0,1,15.0,24.0,23.0,37601611,2026-04-16 02:10:18
2233629,897,1,COOL,0,1,15.0,24.0,23.0,38502889,2026-04-16 02:10:18
2233630,898,1,COOL,0,1,14.0,24.0,24.0,39404281,2026-04-16 02:10:18
2233631,899,1,COOL,0,1,13.0,24.0,24.0,40305685,2026-04-16 02:10:18
2233632,900,1,COOL,0,1,14.0,24.0,24.0,41207035,2026-04-16 02:10:18
2233633,901,1,COOL,0,1,15.0,24.0,23.0,42108449,2026-04-16 02:10:18
2233634,902,1,COOL,0,1,16.0,24.0,23.0,43009856,2026-04-16 02:10:18
2233635,903,1,COOL,0,1,15.0,24.0,23.0,43911134,2026-04-16 02:10:18
2233636,904,1,COOL,0,1,16.0,24.0,23.0,44812516,2026-04-16 02:10:18
2233637,905,1,COOL,0,1,16.0,24.0,23.0,45713892,2026-04-16 02:10:18
2233638,906,1,COOL,0,0,15.0,24.0,42.0,46001751,2026-04-16 02:10:18
2233639,907,1,COOL,1,0,16.0,24.0,23.0,46006738,2026-04-16 02:10:18
2233640,908,1,COOL,0,1,16.0,24.0,23.0,46009986,2026-04-16 02:10:18
2233641,909,1,COOL,0,0,16.0,24.0,42.0,46013279,2026-04-16 02:10:18
2233642,910,1,COOL,1,0,17.0,24.0,42.0,46018325,2026-04-16 02:10:18
2233643,911,1,COOL,0,1,18.0,24.0,24.0,46029237,2026-04-16 02:10:18
2233644,912,1,COOL,0,0,18.0,24.0,22.0,46032480,2026-04-16 02:10:18
2233645,913,1,COOL,1,0,18.0,24.0,30.0,46035323,2026-04-16 02:10:18
2233646,914,0,COOL,1,0,18.0,24.0,22.0,46041674,2026-04-16 02:10:18
2233647,915,1,COOL,1,0,18.0,24.0,22.0,46069724,2026-04-16 02:10:18
2233648,916,0,COOL,1,0,18.0,24.0,24.0,46072464,2026-04-16 02:10:18
2233649,917,1,COOL,1,0,18.0,24.0,22.0,46075253,2026-04-16 02:10:18
2233650,918,0,COOL,1,0,18.0,24.0,22.0,46078263,2026-04-16 02:10:18
2233651,919,1,COOL,1,0,21.0,24.0,20.0,532001,2026-04-16 02:10:18
2233652,920,1,COOL,0,1,23.0,24.0,19.0,535744,2026-04-16 02:10:18
2233653,921,1,HEAT,0,1,23.0,24.0,19.0,581458,2026-04-16 02:10:18
2233654,922,1,HEAT,0,1,23.0,24.0,19.0,1481877,2026-04-16 02:10:18
2233655,923,1,COOL,0,1,25.0,24.0,18.0,30500,2026-04-16 02:10:18
2233656,924,1,HEAT,0,1,25.0,24.0,18.0,34200,2026-04-16 02:10:18
2233657,925,1,HEAT,0,1,25.0,24.0,18.0,910471,2026-04-16 02:10:18
2233658,926,1,HEAT,0,0,29.0,24.0,16.0,16071,2026-04-16 02:10:18
2233659,927,1,HEAT,1,0,29.0,24.0,16.0,19513,2026-04-16 02:10:18
2233660,928,1,HEAT,1,0,23.0,24.0,19.0,909997,2026-04-16 02:10:18
2233661,929,1,HEAT,1,0,23.0,24.0,19.0,1820896,2026-04-16 02:10:18
2233662,930,1,HEAT,1,0,23.0,24.0,19.0,2721347,2026-04-16 02:10:18
2233663,931,1,HEAT,1,0,22.0,24.0,20.0,3631677,2026-04-16 02:10:18
2233664,932,1,HEAT,1,0,22.0,24.0,20.0,913388,2026-04-16 02:10:18
2233665,933,1,HEAT,0,1,23.0,24.0,19.0,185857,2026-04-16 02:10:18
2233666,934,1,HEAT,0,1,23.0,24.0,19.0,909925,2026-04-16 02:10:18
2233667,935,1,HEAT,0,1,27.0,24.0,17.0,909810,2026-04-16 02:10:18
2233668,936,1,HEAT,0,1,25.0,24.0,18.0,910307,2026-04-16 02:10:18
2233669,937,1,HEAT,0,1,27.0,24.0,17.0,909861,2026-04-16 02:10:18
2233670,938,1,HEAT,0,1,29.0,24.0,16.0,1820619,2026-04-16 02:10:18
2233671,939,1,COOL,0,1,27.0,24.0,17.0,1829178,2026-04-16 02:10:18
2233672,940,1,COOL,0,1,27.0,24.0,17.0,2729591,2026-04-16 02:10:18
2233673,941,1,COOL,0,0,21.0,24.0,20.0,2757100,2026-04-16 02:10:18
2233674,942,1,COOL,1,0,21.0,24.0,20.0,2765308,2026-04-16 02:10:18
2233675,943,1,COOL,0,1,21.0,24.0,20.0,2768961,2026-04-16 02:10:18
2233676,944,1,COOL,0,1,21.0,24.0,20.0,3669337,2026-04-16 02:10:18
2233677,945,1,COOL,0,0,17.0,24.0,22.0,3754010,2026-04-16 02:10:18
2233678,946,1,COOL,1,0,17.0,24.0,22.0,3761504,2026-04-16 02:10:18
2233679,947,1,COOL,0,1,18.0,24.0,22.0,3769652,2026-04-16 02:10:18
2233680,948,1,COOL,0,1,18.0,24.0,22.0,4670048,2026-04-16 02:10:18
2233681,949,1,COOL,0,0,15.0,24.0,23.0,4703353,2026-04-16 02:10:18
2233682,950,1,COOL,1,0,16.0,24.0,23.0,4707258,2026-04-16 02:10:18
2233683,951,1,COOL,0,1,16.0,24.0,23.0,4710753,2026-04-16 02:10:18
2233684,952,1,COOL,0,1,15.0,24.0,23.0,5611162,2026-04-16 02:10:18
2233685,953,1,COOL,0,0,13.0,24.0,43.0,5760501,2026-04-16 02:10:18
2233686,954,1,COOL,1,0,15.0,24.0,29.0,5764799,2026-04-16 02:10:18
2233687,955,1,COOL,0,1,15.0,24.0,23.0,5768593,2026-04-16 02:10:18
2233688,956,1,COOL,0,1,15.0,24.0,23.0,6669010,2026-04-16 02:10:18
2233689,957,0,COOL,0,1,14.0,24.0,24.0,6744443,2026-04-16 02:10:18
2233690,958,1,COOL,0,1,14.0,24.0,24.0,6749535,2026-04-16 02:10:18
2233691,959,1,COOL,0,1,14.0,24.0,24.0,7649951,2026-04-16 02:10:18
2233692,960,1,COOL,0,0,13.0,24.0,24.0,7690241,2026-04-16 02:10:18
2233693,961,1,COOL,1,0,13.0,24.0,24.0,7693009,2026-04-16 02:10:18
2233694,962,1,COOL,0,1,13.0,24.0,24.0,7696247,2026-04-16 02:10:18
2233695,963,1,COOL,0,1,13.0,24.0,33.0,8596684,2026-04-16 02:10:18
2233696,964,1,COOL,0,0,13.0,24.0,24.0,8837909,2026-04-16 02:10:18
2233697,965,1,COOL,1,0,13.0,24.0,24.0,8841657,2026-04-16 02:10:18
2233698,966,1,COOL,0,1,13.0,24.0,24.0,8845002,2026-04-16 02:10:18
2233699,967,1,COOL,0,1,13.0,24.0,24.0,9745411,2026-04-16 02:10:18
2233700,968,1,COOL,0,0,13.0,24.0,24.0,9761490,2026-04-16 02:10:18
2233701,969,1,COOL,1,0,13.0,24.0,24.0,9763997,2026-04-16 02:10:18
2233702,970,1,COOL,0,1,13.0,24.0,37.0,9769294,2026-04-16 02:10:18
2233703,971,1,COOL,0,1,13.0,24.0,29.0,10669694,2026-04-16 02:10:18
2233704,972,1,COOL,0,0,12.0,24.0,25.0,10690280,2026-04-16 02:10:18
2233705,973,1,COOL,1,0,12.0,24.0,25.0,10693825,2026-04-16 02:10:18
2233706,974,1,COOL,0,1,12.0,24.0,25.0,10697714,2026-04-16 02:10:18
2233707,975,1,COOL,0,1,11.0,24.0,45.0,911337,2026-04-16 02:10:18
2233708,976,1,COOL,0,0,12.0,24.0,25.0,1009151,2026-04-16 02:10:18
2233709,977,1,COOL,1,0,12.0,24.0,25.0,1012771,2026-04-16 02:10:18
2233710,978,1,COOL,0,1,12.0,24.0,25.0,1016658,2026-04-16 02:10:18
2233711,979,1,COOL,0,1,12.0,24.0,27.0,1917093,2026-04-16 02:10:18
2233712,980,1,COOL,0,0,11.0,24.0,25.0,1947255,2026-04-16 02:10:18
2233713,981,1,COOL,1,0,11.0,24.0,25.0,1950591,2026-04-16 02:10:18
2233714,982,1,COOL,0,1,12.0,24.0,25.0,1955229,2026-04-16 02:10:18
2233715,983,1,COOL,0,1,13.0,24.0,32.0,2855611,2026-04-16 02:10:18
2233716,984,1,COOL,0,1,11.0,24.0,25.0,3756898,2026-04-16 02:10:18
2233717,985,1,COOL,0,1,13.0,24.0,24.0,4658138,2026-04-16 02:10:18
2233718,986,1,COOL,0,0,11.0,24.0,25.0,4694358,2026-04-16 02:10:18
2233719,987,1,COOL,1,0,11.0,24.0,25.0,4697898,2026-04-16 02:10:18
2233720,988,1,COOL,0,1,11.0,24.0,31.0,4701585,2026-04-16 02:10:18
2233721,989,1,COOL,0,1,12.0,24.0,32.0,5602004,2026-04-16 02:10:18
2233722,990,1,COOL,0,1,11.0,24.0,25.0,6503228,2026-04-16 02:10:18
2233723,991,0,COOL,0,1,12.0,24.0,25.0,7147901,2026-04-16 02:10:18
2233724,992,1,COOL,0,1,13.0,24.0,24.0,7151623,2026-04-16 02:10:18
2233725,993,1,HEAT,0,1,13.0,24.0,30.0,7154021,2026-04-16 02:10:18
2233726,994,1,HEAT,0,1,13.0,24.0,35.0,8054430,2026-04-16 02:10:18
2233727,995,1,HEAT,0,1,19.0,24.0,22.0,8955824,2026-04-16 02:10:18
2233728,996,1,HEAT,0,0,19.0,24.0,21.0,9560539,2026-04-16 02:10:18
2233729,997,1,HEAT,1,0,19.0,24.0,21.0,9564546,2026-04-16 02:10:18
2233730,998,1,HEAT,0,1,19.0,24.0,32.0,9567784,2026-04-16 02:10:18
2233731,999,1,HEAT,0,1,19.0,24.0,31.0,10468178,2026-04-16 02:10:18
2233732,1000,1,HEAT,0,1,24.0,24.0,19.0,11369478,2026-04-16 02:10:18
2233733,1001,1,HEAT,0,0,24.0,24.0,19.0,11745902,2026-04-16 02:10:18
2233734,1002,1,HEAT,1,0,26.0,24.0,18.0,11749927,2026-04-16 02:10:18
2233735,1003,1,HEAT,1,0,26.0,24.0,18.0,12650340,2026-04-16 02:10:18
2233736,1004,1,HEAT,1,0,24.0,24.0,19.0,13551602,2026-04-16 02:10:18
2233737,1005,1,HEAT,1,0,23.0,24.0,19.0,14452972,2026-04-16 02:10:18
2233738,1006,1,HEAT,1,0,23.0,24.0,19.0,15353779,2026-04-16 02:10:19
2233739,1007,1,HEAT,0,1,22.0,24.0,20.0,15448755,2026-04-16 02:10:19
2233740,1008,1,HEAT,0,1,22.0,24.0,20.0,16349970,2026-04-16 02:10:19
2233741,1009,1,HEAT,0,1,27.0,24.0,17.0,17250404,2026-04-16 02:10:19
2233742,1010,1,HEAT,0,1,25.0,24.0,18.0,18151642,2026-04-16 02:10:19
2233743,1011,1,HEAT,0,1,24.0,24.0,19.0,19052072,2026-04-16 02:10:19
2233744,1012,1,COOL,0,1,27.0,24.0,17.0,19070544,2026-04-16 02:10:19
2233745,1013,1,HEAT,0,1,27.0,24.0,17.0,19073542,2026-04-16 02:10:19
2233746,1014,1,COOL,0,1,27.0,24.0,17.0,19077389,2026-04-16 02:10:19
2233747,1015,1,COOL,0,1,27.0,24.0,17.0,19977806,2026-04-16 02:10:19
2233748,1016,1,COOL,0,0,21.0,24.0,20.0,20368170,2026-04-16 02:10:19
2233749,1017,1,COOL,1,0,20.0,24.0,21.0,20371943,2026-04-16 02:10:19
2233750,1018,1,COOL,0,1,20.0,24.0,21.0,20377336,2026-04-16 02:10:19
2233751,1019,1,COOL,0,1,20.0,24.0,22.0,21277745,2026-04-16 02:10:19
2233752,1020,1,COOL,0,1,16.0,24.0,23.0,22179013,2026-04-16 02:10:19
2233753,1021,1,COOL,0,1,16.0,24.0,23.0,23080394,2026-04-16 02:10:19
2233754,1022,1,COOL,0,1,15.0,24.0,23.0,23981805,2026-04-16 02:10:19
2233755,1023,1,COOL,0,1,15.0,24.0,23.0,24883057,2026-04-16 02:10:19
2233756,1024,1,COOL,0,1,14.0,24.0,24.0,25784446,2026-04-16 02:10:19
2233757,1025,1,COOL,0,1,14.0,24.0,24.0,26685840,2026-04-16 02:10:19
2233758,1026,1,COOL,0,1,14.0,24.0,24.0,27587209,2026-04-16 02:10:19
2233759,1027,1,COOL,0,1,14.0,24.0,24.0,28487927,2026-04-16 02:10:19
2233760,1028,1,COOL,0,1,13.0,24.0,24.0,29389295,2026-04-16 02:10:19
2233761,1029,1,COOL,0,1,14.0,24.0,24.0,30290560,2026-04-16 02:10:19
2233762,1030,1,COOL,0,1,13.0,24.0,24.0,31191943,2026-04-16 02:10:19
2233763,1031,1,HEAT,0,1,14.0,24.0,24.0,31749340,2026-04-16 02:10:19
2233764,1032,1,HEAT,0,1,13.0,24.0,24.0,32650763,2026-04-16 02:10:19
2233765,1033,1,HEAT,0,1,20.0,24.0,36.0,33551191,2026-04-16 02:10:19
2233766,1034,1,HEAT,0,1,19.0,24.0,21.0,34452421,2026-04-16 02:10:19
2233767,1035,1,HEAT,0,0,21.0,24.0,20.0,19270,2026-04-16 02:10:19
2233768,1036,1,HEAT,1,0,21.0,24.0,20.0,22080,2026-04-16 02:10:19
2233769,1037,1,HEAT,1,0,21.0,24.0,20.0,922511,2026-04-16 02:10:19
2233770,1038,1,HEAT,1,0,22.0,24.0,20.0,1823905,2026-04-16 02:10:19
2233771,1039,1,HEAT,1,0,23.0,24.0,19.0,2724339,2026-04-16 02:10:19
2233772,1040,1,HEAT,1,0,24.0,24.0,19.0,3634578,2026-04-16 02:10:19
2233773,1041,1,HEAT,1,0,23.0,24.0,19.0,4534995,2026-04-16 02:10:19
2233774,1042,1,HEAT,1,0,23.0,24.0,19.0,5445491,2026-04-16 02:10:19
2233775,1043,1,HEAT,1,0,24.0,24.0,19.0,6345885,2026-04-16 02:10:19
2233776,1044,1,HEAT,1,0,24.0,24.0,19.0,7258423,2026-04-16 02:10:19
2233777,1045,1,HEAT,1,0,24.0,24.0,19.0,8158883,2026-04-16 02:10:19
2233778,1046,1,HEAT,1,0,23.0,24.0,19.0,9069298,2026-04-16 02:10:19
2233779,1047,1,HEAT,1,0,23.0,24.0,19.0,9969742,2026-04-16 02:10:19
2233780,1048,1,HEAT,1,0,23.0,24.0,19.0,10880130,2026-04-16 02:10:19
2233781,1049,1,HEAT,1,0,23.0,24.0,19.0,11780560,2026-04-16 02:10:19
2233782,1050,1,HEAT,1,0,23.0,24.0,19.0,12691515,2026-04-16 02:10:19
2233783,1051,1,HEAT,1,0,23.0,24.0,19.0,13591944,2026-04-16 02:10:19
2233784,1052,1,HEAT,1,0,24.0,24.0,19.0,14502789,2026-04-16 02:10:19
2233785,1053,1,HEAT,1,0,24.0,24.0,19.0,15403231,2026-04-16 02:10:19
2233786,1054,1,HEAT,0,1,26.0,24.0,35.0,15853255,2026-04-16 02:10:19
2233787,1055,1,COOL,0,1,24.0,24.0,19.0,15858185,2026-04-16 02:10:19
2233788,1056,1,COOL,0,1,24.0,24.0,19.0,16758606,2026-04-16 02:10:19
2233789,1057,1,COOL,0,0,19.0,24.0,21.0,16801853,2026-04-16 02:10:19
2233790,1058,1,COOL,1,0,19.0,24.0,21.0,16804700,2026-04-16 02:10:19
2233791,1059,1,COOL,0,1,19.0,24.0,21.0,16808005,2026-04-16 02:10:19
2233792,1060,1,COOL,0,1,19.0,24.0,21.0,17708436,2026-04-16 02:10:19
2233793,1061,1,COOL,0,0,16.0,24.0,23.0,17773069,2026-04-16 02:10:19
2233794,1062,1,COOL,1,0,16.0,24.0,23.0,17776077,2026-04-16 02:10:19
2233795,1063,1,COOL,0,1,16.0,24.0,23.0,17780829,2026-04-16 02:10:19
2233796,1064,1,COOL,0,0,16.0,24.0,23.0,17785127,2026-04-16 02:10:19
2233797,1065,1,COOL,1,0,17.0,24.0,22.0,17788028,2026-04-16 02:10:19
2233798,1066,1,COOL,0,1,17.0,24.0,23.0,17792823,2026-04-16 02:10:19
2233799,1067,1,COOL,0,0,17.0,24.0,22.0,17796270,2026-04-16 02:10:19
2233800,1068,0,COOL,0,0,17.0,24.0,22.0,17805038,2026-04-16 02:10:19
2233801,1069,1,COOL,0,0,17.0,24.0,22.0,17808890,2026-04-16 02:10:19
2233802,1070,0,COOL,0,0,17.0,24.0,22.0,17818903,2026-04-16 02:10:19
2233803,1071,1,COOL,0,0,17.0,24.0,22.0,17822354,2026-04-16 02:10:19
2233804,1072,1,HEAT,0,0,18.0,24.0,22.0,17825099,2026-04-16 02:10:19
2233805,1073,1,COOL,0,0,18.0,24.0,22.0,17828055,2026-04-16 02:10:19
2233806,1074,1,COOL,1,0,18.0,24.0,22.0,17832216,2026-04-16 02:10:19
2233807,1075,1,COOL,0,1,18.0,24.0,22.0,17835470,2026-04-16 02:10:19
2233808,1076,1,COOL,0,1,18.0,24.0,22.0,18735883,2026-04-16 02:10:19
2233809,1077,1,HEAT,0,1,15.0,24.0,23.0,18866908,2026-04-16 02:10:19
2233810,1078,1,HEAT,0,1,15.0,24.0,23.0,19768170,2026-04-16 02:10:19
2233811,1079,1,HEAT,0,1,21.0,24.0,20.0,20669577,2026-04-16 02:10:19
2233812,1080,1,HEAT,0,1,25.0,24.0,18.0,21571071,2026-04-16 02:10:19
2233813,1081,1,HEAT,0,0,29.0,24.0,37.0,22012581,2026-04-16 02:10:19
2233814,1082,1,HEAT,1,0,25.0,24.0,38.0,22017830,2026-04-16 02:10:19
2233815,1083,1,HEAT,1,0,26.0,24.0,18.0,22918274,2026-04-16 02:10:19
2233816,1084,1,HEAT,1,0,24.0,24.0,19.0,23819649,2026-04-16 02:10:19
2233817,1085,1,HEAT,1,0,24.0,24.0,19.0,24720910,2026-04-16 02:10:19
2233818,1086,1,HEAT,1,0,26.0,24.0,18.0,25622283,2026-04-16 02:10:19
2233819,1087,1,HEAT,1,0,26.0,24.0,18.0,26523529,2026-04-16 02:10:19
2233820,1088,1,HEAT,1,0,25.0,24.0,18.0,27424927,2026-04-16 02:10:19
2233821,1089,1,HEAT,1,0,27.0,24.0,17.0,28326196,2026-04-16 02:10:19
2233822,1090,1,HEAT,1,0,26.0,24.0,18.0,29227717,2026-04-16 02:10:19
2233823,1091,1,COOL,1,0,27.0,24.0,17.0,29438658,2026-04-16 02:10:19
2233824,1092,1,COOL,0,1,27.0,24.0,17.0,29442663,2026-04-16 02:10:19
2233825,1093,1,COOL,0,1,27.0,24.0,17.0,30343093,2026-04-16 02:10:19
2233826,1094,1,COOL,0,0,18.0,24.0,22.0,30382485,2026-04-16 02:10:19
2233827,1095,1,COOL,1,0,21.0,24.0,38.0,30385586,2026-04-16 02:10:19
2233828,1096,1,COOL,0,1,18.0,24.0,22.0,30391487,2026-04-16 02:10:19
2233829,1097,1,COOL,0,0,21.0,24.0,38.0,30406055,2026-04-16 02:10:19
2233830,1098,1,COOL,1,0,19.0,24.0,21.0,30409768,2026-04-16 02:10:19
2233831,1099,1,COOL,0,1,19.0,24.0,21.0,30413023,2026-04-16 02:10:19
2233832,1100,1,COOL,0,1,19.0,24.0,21.0,31313433,2026-04-16 02:10:19
2233833,1101,1,COOL,0,1,15.0,24.0,23.0,32214862,2026-04-16 02:10:19
2233834,1102,1,COOL,0,1,16.0,24.0,23.0,33116175,2026-04-16 02:10:19
2233835,1103,1,COOL,0,1,15.0,24.0,23.0,34017590,2026-04-16 02:10:19
2233836,1104,1,COOL,0,1,15.0,24.0,23.0,34918267,2026-04-16 02:10:19
2233837,1105,1,COOL,0,1,14.0,24.0,24.0,35819648,2026-04-16 02:10:19
2233838,1106,1,COOL,0,1,14.0,24.0,24.0,36721089,2026-04-16 02:10:19
2233839,1107,1,COOL,0,1,14.0,24.0,24.0,37622459,2026-04-16 02:10:19
2233840,1108,1,COOL,0,1,14.0,24.0,24.0,38523733,2026-04-16 02:10:19
2233841,1109,1,COOL,0,1,13.0,24.0,24.0,39425147,2026-04-16 02:10:19
2233842,1110,1,COOL,0,1,13.0,24.0,24.0,40326545,2026-04-16 02:10:19
2233843,1111,1,COOL,0,1,13.0,24.0,24.0,41227913,2026-04-16 02:10:19
2233844,1112,1,COOL,0,1,13.0,24.0,24.0,42129223,2026-04-16 02:10:19
2233845,1113,1,COOL,0,1,13.0,24.0,24.0,43030564,2026-04-16 02:10:19
2233846,1114,1,COOL,0,1,13.0,24.0,24.0,43931888,2026-04-16 02:10:19
2233847,1115,1,COOL,0,1,12.0,24.0,25.0,44833267,2026-04-16 02:10:19
2233848,1116,1,COOL,0,1,12.0,24.0,25.0,45734673,2026-04-16 02:10:19
2233849,1117,1,COOL,0,1,12.0,24.0,25.0,46635934,2026-04-16 02:10:19
2233850,1118,1,COOL,0,1,12.0,24.0,25.0,47537321,2026-04-16 02:10:19
2233851,1119,1,COOL,0,1,12.0,24.0,25.0,48438589,2026-04-16 02:10:19
2233852,1120,1,COOL,0,1,12.0,24.0,25.0,49339964,2026-04-16 02:10:19
2233853,1121,1,COOL,0,1,12.0,24.0,25.0,50241386,2026-04-16 02:10:19
2233854,1122,1,COOL,0,1,12.0,24.0,25.0,51142667,2026-04-16 02:10:19
2233855,1123,1,COOL,0,1,12.0,24.0,25.0,52044082,2026-04-16 02:10:19
2233856,1124,1,COOL,0,1,11.0,24.0,25.0,52945406,2026-04-16 02:10:19
2233857,1125,0,COOL,0,1,11.0,24.0,25.0,53015189,2026-04-16 02:10:19
2233858,1126,1,COOL,0,1,17.0,24.0,22.0,29896,2026-04-16 02:10:19
2233859,1127,1,HEAT,0,1,17.0,24.0,22.0,32309,2026-04-16 02:10:19
2233860,1128,1,HEAT,0,0,17.0,24.0,22.0,35540,2026-04-16 02:10:19
2233861,1129,1,HEAT,1,0,17.0,24.0,22.0,38126,2026-04-16 02:10:19
2233862,1130,1,HEAT,0,1,17.0,24.0,22.0,41504,2026-04-16 02:10:19
2233863,1131,1,HEAT,0,1,17.0,24.0,22.0,941917,2026-04-16 02:10:19
2233864,1132,1,HEAT,0,1,22.0,24.0,31.0,1843292,2026-04-16 02:10:19
2233865,1133,1,HEAT,0,1,22.0,24.0,20.0,2743730,2026-04-16 02:10:19
2233866,1134,1,HEAT,0,1,22.0,24.0,20.0,3645065,2026-04-16 02:10:19
2233867,1135,1,HEAT,0,1,22.0,24.0,20.0,4545458,2026-04-16 02:10:19
2233868,1136,1,HEAT,0,1,25.0,24.0,18.0,5446867,2026-04-16 02:10:19
2233869,1137,1,HEAT,0,1,24.0,24.0,19.0,6347262,2026-04-16 02:10:19
2233870,1138,1,HEAT,0,1,27.0,24.0,17.0,7256717,2026-04-16 02:10:19
2233871,1139,1,HEAT,0,1,25.0,24.0,18.0,8157138,2026-04-16 02:10:19
2233872,1140,1,HEAT,0,1,25.0,24.0,18.0,912261,2026-04-16 02:10:19
2233873,1141,1,HEAT,0,1,29.0,24.0,16.0,1823801,2026-04-16 02:10:19
2233874,1142,1,HEAT,0,1,28.0,24.0,17.0,2724217,2026-04-16 02:10:19
2233875,1143,1,HEAT,0,1,31.0,24.0,15.0,3635254,2026-04-16 02:10:19
2233876,1144,1,HEAT,0,0,32.0,24.0,40.0,4049778,2026-04-16 02:10:19
2233877,1145,1,HEAT,1,0,30.0,24.0,36.0,4053319,2026-04-16 02:10:19
2233878,1146,1,HEAT,1,0,30.0,24.0,16.0,4953723,2026-04-16 02:10:19
2233879,1147,1,HEAT,1,0,28.0,24.0,17.0,5854970,2026-04-16 02:10:19
2233880,1148,1,HEAT,1,0,-1.0,24.0,-1.0,6756456,2026-04-16 02:10:19
2233881,1149,1,HEAT,1,0,25.0,24.0,40.0,7657815,2026-04-16 02:10:19
2233882,1150,1,HEAT,1,0,27.0,24.0,17.0,8559239,2026-04-16 02:10:19
2233883,1151,1,HEAT,1,0,26.0,24.0,18.0,9460641,2026-04-16 02:10:19
2233884,1152,1,HEAT,1,0,25.0,24.0,18.0,10362048,2026-04-16 02:10:19
2233885,1153,1,HEAT,0,1,27.0,24.0,33.0,10412765,2026-04-16 02:10:19
2233886,1154,1,HEAT,0,1,24.0,24.0,19.0,11313161,2026-04-16 02:10:19
2233887,1155,1,HEAT,0,1,32.0,24.0,15.0,12214573,2026-04-16 02:10:19
2233888,1156,1,HEAT,0,1,30.0,24.0,16.0,13115867,2026-04-16 02:10:19
2233889,1157,1,HEAT,0,0,28.0,24.0,17.0,13215203,2026-04-16 02:10:19
2233890,1158,1,HEAT,1,0,30.0,24.0,16.0,13222272,2026-04-16 02:10:19
2233891,1159,1,HEAT,1,0,30.0,24.0,16.0,14122665,2026-04-16 02:10:19
2233892,1160,1,HEAT,1,0,34.0,24.0,14.0,15024358,2026-04-16 02:10:19
2233893,1161,1,HEAT,1,0,30.0,24.0,16.0,15925742,2026-04-16 02:10:19
2233894,1162,1,HEAT,1,0,27.0,24.0,17.0,16827024,2026-04-16 02:10:19
2233895,1163,1,HEAT,1,0,31.0,24.0,15.0,17728322,2026-04-16 02:10:19
2233896,1164,1,HEAT,1,0,30.0,24.0,16.0,18629702,2026-04-16 02:10:19
2233897,1165,1,HEAT,1,0,27.0,24.0,17.0,19531111,2026-04-16 02:10:19
2233898,1166,1,HEAT,1,0,30.0,24.0,16.0,20432509,2026-04-16 02:10:19
2233899,1167,1,HEAT,1,0,32.0,24.0,15.0,21333914,2026-04-16 02:10:19
2233900,1168,1,HEAT,1,0,27.0,24.0,17.0,22235155,2026-04-16 02:10:19
2233901,1169,1,HEAT,1,0,29.0,24.0,16.0,23136396,2026-04-16 02:10:19
2233902,1170,1,HEAT,1,0,27.0,24.0,17.0,24037777,2026-04-16 02:10:19
2233903,1171,1,HEAT,1,0,24.0,24.0,19.0,24939163,2026-04-16 02:10:19
2233904,1172,1,HEAT,1,0,29.0,24.0,56.0,911291,2026-04-16 02:10:19
2233905,1173,1,HEAT,1,0,-1.0,24.0,-1.0,1822744,2026-04-16 02:10:19
2233906,1174,1,HEAT,1,0,24.0,24.0,19.0,2723150,2026-04-16 02:10:19
2233907,1175,1,HEAT,1,0,12.0,24.0,149.8,3633637,2026-04-16 02:10:19
2233908,1176,1,HEAT,1,0,24.0,24.0,19.0,4534069,2026-04-16 02:10:19
2233909,1177,1,HEAT,0,1,24.0,24.0,19.0,4623727,2026-04-16 02:10:19
2233910,1178,1,HEAT,0,0,32.0,24.0,34.0,5348409,2026-04-16 02:10:19
2233911,1179,1,HEAT,1,0,32.0,24.0,34.0,5358265,2026-04-16 02:10:19
2233912,1180,1,HEAT,1,0,28.0,24.0,17.0,6258706,2026-04-16 02:10:19
2233913,1181,1,HEAT,1,0,26.0,24.0,18.0,7160026,2026-04-16 02:10:19
2233914,1182,1,HEAT,1,0,25.0,24.0,18.0,8061410,2026-04-16 02:10:19
2233915,1183,1,HEAT,1,0,24.0,24.0,19.0,8962833,2026-04-16 02:10:19
2233916,1184,1,HEAT,1,0,24.0,24.0,19.0,9864262,2026-04-16 02:10:19
2233917,1185,1,HEAT,1,0,25.0,24.0,18.0,10765542,2026-04-16 02:10:19
2233918,1186,1,HEAT,1,0,24.0,24.0,19.0,11666930,2026-04-16 02:10:19
2233919,1187,1,HEAT,1,0,26.0,24.0,18.0,12568281,2026-04-16 02:10:19
